<?xml version="1.0" encoding="ISO-8859-1"?>
<BAER xmlns:xsi="http://www.w3.org/2001/XMLSchema-instance" xsi:noNamespaceSchemaLocation="scs_xsd.xsd">
   <aer__sender>Smith Brown</aer__sender>
   <aer__profile_id_valueset>2.16.840.1.113883.3.998.91.1</aer__profile_id_valueset>
   <REPORT_INFORMATION>
      <client__ip>98.172.17.238</client__ip>
      <client__agent>Mozilla/4.0 (compatible; MSIE 6.0; Windows NT 5.1; SV1; InfoPath.2)</client__agent>
      <client__resolution>1024x768</client__resolution>
      <REPORT_IDENTIFYING_INFORMATION>
         <aer__case_report_id_str>Manadatory</aer__case_report_id_str>
         <aer__icsr_number>12345-54321</aer__icsr_number>
         <aer__aer_dt>3/16/2009</aer__aer_dt>
         <aer__report_type_cd_valueset>2.16.840.1.113883.3.26.1.1.997</aer__report_type_cd_valueset>
         <aer__report_type_cd_code>1</aer__report_type_cd_code>
         <aer__report_type_cd>Initial</aer__report_type_cd>
         <aer__response_to_fda_cd_valueset>2.16.840.1.113883.3.26.1.1.996</aer__response_to_fda_cd_valueset>
         <aer__response_to_fda_cd_code>2</aer__response_to_fda_cd_code>
         <aer__response_to_fda_cd>No</aer__response_to_fda_cd>
         <aer__additional_document_cd_valueset>2.16.840.1.113883.3.26.1.1.995</aer__additional_document_cd_valueset>
         <aer__additional_document_cd_code>2</aer__additional_document_cd_code>
         <aer__additional_document_cd>No</aer__additional_document_cd>
      </REPORT_IDENTIFYING_INFORMATION>
      <RESPONSIBLE_PARTY_MFR_OR_MAH>
         <RESPONSIBLE_PARTY_IDENTIFYING_INFORMATION_MFR_OR_MAH>
            <aer_sender__organization_name>Reporting Organization; aer/2</aer_sender__organization_name>
            <aer_sender__responsible_party_registration_id>Reporter Registration ID; aer/2</aer_sender__responsible_party_registration_id>
            <aer_sender__responsible_party_reg_id_type_cd_valueset>2.16.840.1.113883.3.26.1.1.994</aer_sender__responsible_party_reg_id_type_cd_valueset>
            <aer_sender__reporter_cd_valueset>2.16.840.1.113883.3.26.1.1.993</aer_sender__reporter_cd_valueset>
            <aer_sender__reporter_cd_code>M</aer_sender__reporter_cd_code>
            <aer_sender__reporter_cd>Manufacturer</aer_sender__reporter_cd>
            <aer_sender__contact_first_name>MAH 1st Name</aer_sender__contact_first_name>
            <aer_sender__contact_last_name>MAH Last Name</aer_sender__contact_last_name>
            <aer_sender__voice_telephone>MAH Tele#</aer_sender__voice_telephone>
            <aer_sender__other_telephone>MAH Oth#</aer_sender__other_telephone>
            <aer_sender__fax_telephone>MAH Fax#</aer_sender__fax_telephone>
            <aer_sender__email_address>MAH eMail</aer_sender__email_address>
            <aer_sender__country_cd_valueset>2.16.1</aer_sender__country_cd_valueset>
            <aer_sender__country_cd_code>US</aer_sender__country_cd_code>
            <aer_sender__country_cd>United States</aer_sender__country_cd>
            <aer_sender__address1>MAH Addr #1</aer_sender__address1>
            <aer_sender__address2>MAH Addr #2</aer_sender__address2>
            <aer_sender__city_name>MAH City</aer_sender__city_name>
            <aer_sender__state_valueset>STATE</aer_sender__state_valueset>
            <aer_sender__state_code>AL</aer_sender__state_code>
            <aer_sender__state>Alabama</aer_sender__state>
            <aer_sender__postal_cd>12121</aer_sender__postal_cd>
         </RESPONSIBLE_PARTY_IDENTIFYING_INFORMATION_MFR_OR_MAH>
      </RESPONSIBLE_PARTY_MFR_OR_MAH>
      <DOCUMENTS_AND_REFERENCES>
         <DOCUMENTS_AND_REFERENCES_IDENTIFYING_INFORMATION>
            <other_document__attached_document_id>Attached Document ID; other_do</other_document__attached_document_id>
            <other_document__attached_document_type_flags_valueset>2.16.840.1.113883.3.26.1.1.992</other_document__attached_document_type_flags_valueset>
            <other_document__attached_document_type_flags_code>16</other_document__attached_document_type_flags_code>
            <other_document__attached_document_type_flags>Bill of Lading</other_document__attached_document_type_flags>
            <other_document__attached_document_title>Attached Document Title; other_document/1; aer/1</other_document__attached_document_title>
         </DOCUMENTS_AND_REFERENCES_IDENTIFYING_INFORMATION>
      </DOCUMENTS_AND_REFERENCES>
      <OTHER_REPORTS_AND_REPORTERS_OF_THIS_INCIDENT>
         <OTHER_REPORT_AND_REPORTER_IDENTIFYING_INFORMATION>
            <other_report__other_case_report_id_str>Other Report ID</other_report__other_case_report_id_str>
         </OTHER_REPORT_AND_REPORTER_IDENTIFYING_INFORMATION>
      </OTHER_REPORTS_AND_REPORTERS_OF_THIS_INCIDENT>
      <PRODUCT_ADULTERATION_AND_DISPOSITION>
         <PRODUCT_ADULTERATION_AND_DISPOSITION_DETAILS>
            <adulteration__adulteration_discovery_dt>2/10/2009</adulteration__adulteration_discovery_dt>
            <adulteration__human_ae_cd_valueset>2.16.840.1.113883.3.26.1.1.991</adulteration__human_ae_cd_valueset>
            <adulteration__human_ae_cd_code>1</adulteration__human_ae_cd_code>
            <adulteration__human_ae_cd>Yes</adulteration__human_ae_cd>
            <adulteration__human_ae_description>Human AE Description</adulteration__human_ae_description>
            <adulteration__animal_ae_cd_valueset>2.16.840.1.113883.3.26.1.1.990</adulteration__animal_ae_cd_valueset>
            <adulteration__animal_ae_cd_code>1</adulteration__animal_ae_cd_code>
            <adulteration__animal_ae_cd>Yes</adulteration__animal_ae_cd>
            <adulteration__animal_ae_description>Animal AE Description</adulteration__animal_ae_description>
            <adulteration__adulteration_disc_cd_valueset>2.16.840.1.113883.3.26.1.1.989</adulteration__adulteration_disc_cd_valueset>
            <adulteration__adulteration_disc_cd_code>2</adulteration__adulteration_disc_cd_code>
            <adulteration__adulteration_disc_cd>Self-discovery</adulteration__adulteration_disc_cd>
            <adulteration__adulteration_cd_valueset>2.16.840.1.113883.3.26.1.1.988</adulteration__adulteration_cd_valueset>
            <adulteration__adulteration_cd_code>1</adulteration__adulteration_cd_code>
            <adulteration__adulteration_cd>Yes</adulteration__adulteration_cd>
            <adulteration__adulteration_description>broken tail link</adulteration__adulteration_description>
         </PRODUCT_ADULTERATION_AND_DISPOSITION_DETAILS>
         <PRODUCT_ADULTERATION_SITE>
            <adulteration__adulteration_site_prod_role_cd_valueset>2.16.840.1.113883.3.26.1.1.987</adulteration__adulteration_site_prod_role_cd_valueset>
            <adulteration__adulteration_site_prod_role_cd_code>M;W</adulteration__adulteration_site_prod_role_cd_code>
            <adulteration__adulteration_site_prod_role_cd>Manufacturer;Warehouse</adulteration__adulteration_site_prod_role_cd>
            <adulteration__organization_name>Adulteration Site Contact Name</adulteration__organization_name>
            <adulteration__country_cd_valueset>2.16.1</adulteration__country_cd_valueset>
            <adulteration__country_cd_code>US</adulteration__country_cd_code>
            <adulteration__country_cd>United States</adulteration__country_cd>
            <adulteration__contact_title>AS Contact Title</adulteration__contact_title>
            <adulteration__contact_first_name>Adulteration Site Contact 1st Name</adulteration__contact_first_name>
            <adulteration__contact_last_name>AS Contact Last Name</adulteration__contact_last_name>
            <adulteration__voice_telephone>AS Contact Tele#</adulteration__voice_telephone>
            <adulteration__other_telephone>AS Contact Other#</adulteration__other_telephone>
            <adulteration__fax_telephone>AS Contact Fax#</adulteration__fax_telephone>
            <adulteration__email_address>AS Contact eMail</adulteration__email_address>
            <adulteration__address1>AS Contact addr Line 1</adulteration__address1>
            <adulteration__address2>AS Contact addr Line 2</adulteration__address2>
            <adulteration__city_name>AS Contact City</adulteration__city_name>
            <adulteration__state_valueset>STATE</adulteration__state_valueset>
            <adulteration__state_code>AL</adulteration__state_code>
            <adulteration__state>Alabama</adulteration__state>
            <adulteration__postal_cd>21221</adulteration__postal_cd>
            <adulteration__agent_first_name>Agent 1st Name</adulteration__agent_first_name>
            <adulteration__agent_last_name>Agent Last Name</adulteration__agent_last_name>
            <adulteration__agent_voice_telephone>Agent Tele#</adulteration__agent_voice_telephone>
            <adulteration__agent_other_telephone>Agent Other#</adulteration__agent_other_telephone>
            <adulteration__agent_fax_telephone>Agent Fax#</adulteration__agent_fax_telephone>
            <adulteration__agent_email_address>Agent eMail</adulteration__agent_email_address>
         </PRODUCT_ADULTERATION_SITE>
      </PRODUCT_ADULTERATION_AND_DISPOSITION>
      <PRODUCT_ADULTERATION_DISCOVERY_SITE>
         <PRODUCT_ADULTERATION_DISCOVERY_SITE_DETAILS>
            <adulteration_discovery_site__adulteration_disc_site_uniq_id>Site Unique ID; aer/2</adulteration_discovery_site__adulteration_disc_site_uniq_id>
            <adulteration_discovery_site__adulteration_disc_site_uniq_id_type_cd_valueset>2.16.840.1.113883.3.26.1.1.986</adulteration_discovery_site__adulteration_disc_site_uniq_id_type_cd_valueset>
            <adulteration_discovery_site__adulteration_disc_site_prod_role_cd_valueset>2.16.840.1.113883.3.26.1.1.985</adulteration_discovery_site__adulteration_disc_site_prod_role_cd_valueset>
            <adulteration_discovery_site__adulteration_disc_site_prod_role_cd_code>M;W</adulteration_discovery_site__adulteration_disc_site_prod_role_cd_code>
            <adulteration_discovery_site__adulteration_disc_site_prod_role_cd>Manufacturer;Warehouse</adulteration_discovery_site__adulteration_disc_site_prod_role_cd>
            <adulteration_discovery_site__contact_first_name>Reporter 1st Name</adulteration_discovery_site__contact_first_name>
            <adulteration_discovery_site__contact_last_name>Report Last Name</adulteration_discovery_site__contact_last_name>
            <adulteration_discovery_site__contact_title>Reporter Title; aer/2</adulteration_discovery_site__contact_title>
            <adulteration_discovery_site__voice_telephone>Reporter Tele#</adulteration_discovery_site__voice_telephone>
            <adulteration_discovery_site__other_telephone>Reporter Other#</adulteration_discovery_site__other_telephone>
            <adulteration_discovery_site__fax_telephone>Reporter Fax#</adulteration_discovery_site__fax_telephone>
            <adulteration_discovery_site__email_address>Reporter eMail</adulteration_discovery_site__email_address>
            <adulteration_discovery_site__address1>Reporter addr Line 1</adulteration_discovery_site__address1>
            <adulteration_discovery_site__address2>Reporter addr Line 2</adulteration_discovery_site__address2>
            <adulteration_discovery_site__organization_name>Reporter Org Name</adulteration_discovery_site__organization_name>
            <adulteration_discovery_site__city_name>Reporter City</adulteration_discovery_site__city_name>
            <adulteration_discovery_site__postal_cd>22122</adulteration_discovery_site__postal_cd>
            <adulteration_discovery_site__state_valueset>STATE</adulteration_discovery_site__state_valueset>
            <adulteration_discovery_site__state_code>AL</adulteration_discovery_site__state_code>
            <adulteration_discovery_site__state>Alabama</adulteration_discovery_site__state>
            <adulteration_discovery_site__country_cd_valueset>2.16.1</adulteration_discovery_site__country_cd_valueset>
            <adulteration_discovery_site__country_cd_code>US</adulteration_discovery_site__country_cd_code>
            <adulteration_discovery_site__country_cd>United States</adulteration_discovery_site__country_cd>
            <adulteration_discovery_site__agent_first_name>Agent Disc 1st Name</adulteration_discovery_site__agent_first_name>
            <adulteration_discovery_site__agent_last_name>Agent Disc Last Name</adulteration_discovery_site__agent_last_name>
            <adulteration_discovery_site__agent_voice_telephone>Agent Disc Tele#</adulteration_discovery_site__agent_voice_telephone>
            <adulteration_discovery_site__agent_other_telephone>Agent Disc Other#</adulteration_discovery_site__agent_other_telephone>
            <adulteration_discovery_site__agent_fax_telephone>Agent Disc Fax#</adulteration_discovery_site__agent_fax_telephone>
            <adulteration_discovery_site__agent_email_address>Agent Disc eMail</adulteration_discovery_site__agent_email_address>
         </PRODUCT_ADULTERATION_DISCOVERY_SITE_DETAILS>
      </PRODUCT_ADULTERATION_DISCOVERY_SITE>
   </REPORT_INFORMATION>
   <RELEVANT_PRODUCTS>
      <PRODUCT_INFORMATION>
         <ae_product__product_name>Relevent Product Name</ae_product__product_name>
         <ae_product__product_cd>Product_ID</ae_product__product_cd>
         <ae_product__product_typ_cd_valueset>2.16.840.1.113883.3.26.1.1.984</ae_product__product_typ_cd_valueset>
         <ae_product__product_typ_cd_code>1</ae_product__product_typ_cd_code>
         <ae_product__product_typ_cd>Human Food</ae_product__product_typ_cd>
         <ae_product__use_code_valueset>2.16.840.1.113883.3.26.1.1.983</ae_product__use_code_valueset>
         <ae_product__use_code_code>2</ae_product__use_code_code>
         <ae_product__use_code>Human</ae_product__use_code>
         <ae_product__product_imported_cd_valueset>2.16.840.1.113883.3.26.1.1.982</ae_product__product_imported_cd_valueset>
         <ae_product__product_imported_cd_code>2</ae_product__product_imported_cd_code>
         <ae_product__product_imported_cd>No</ae_product__product_imported_cd>
         <ae_product__country_origin_country_cd_valueset>2.16.1</ae_product__country_origin_country_cd_valueset>
         <ae_product__country_origin_country_cd_code>US</ae_product__country_origin_country_cd_code>
         <ae_product__country_origin_country_cd>United States</ae_product__country_origin_country_cd>
         <ae_product__port_of_entry_cd_valueset>2.16.840.1.113883.3.26.1.1.981</ae_product__port_of_entry_cd_valueset>
         <ae_product__product_recalled_cd_valueset>2.16.840.1.113883.3.26.1.1.980</ae_product__product_recalled_cd_valueset>
         <ae_product__product_recalled_cd_code>1</ae_product__product_recalled_cd_code>
         <ae_product__product_recalled_cd>Yes</ae_product__product_recalled_cd>
         <ae_product__fda_recall_number>FDA Recall #</ae_product__fda_recall_number>
         <ae_product__package_typ_cd_valueset>PACKAGE_TYP_CD</ae_product__package_typ_cd_valueset>
         <ae_product__package_typ_cd_code>CTR</ae_product__package_typ_cd_code>
         <ae_product__package_typ_cd>CONTAINER</ae_product__package_typ_cd>
         <ae_product__size>12</ae_product__size>
         <ae_product__size_uom_valueset>2.16.840.1.113883.6.8</ae_product__size_uom_valueset>
         <ae_product__size_uom_code>cm</ae_product__size_uom_code>
         <ae_product__size_uom>cubic meter</ae_product__size_uom>
         <ae_product__origin_cd_valueset>2.16.840.1.113883.3.26.1.1.979</ae_product__origin_cd_valueset>
         <ae_product__origin_cd_code>2</ae_product__origin_cd_code>
         <ae_product__origin_cd>No</ae_product__origin_cd>
         <ae_product__distribution_cd_valueset>2.16.840.1.113883.3.26.1.1.DISTRIBUTION_CD</ae_product__distribution_cd_valueset>
         <ae_product__distribution_cd_code>1</ae_product__distribution_cd_code>
         <ae_product__distribution_cd>Yes</ae_product__distribution_cd>
         <ae_product__number_of_destination_sites>2400</ae_product__number_of_destination_sites>
      </PRODUCT_INFORMATION>
      <DISTRIBUTED_PRODUCTS>
         <PRODUCT_DETAILS_AS_DISTRIBUTED>
            <distributed_product__batch_or_lot_number>Distributed Lot Number</distributed_product__batch_or_lot_number>
            <distributed_product__expiration_dt>2/1/2024</distributed_product__expiration_dt>
            <distributed_product__packaging_cat_flags_valueset>2.16.840.1.113883.3.26.1.1.977</distributed_product__packaging_cat_flags_valueset>
            <distributed_product__packaging_cat_flags_code>3</distributed_product__packaging_cat_flags_code>
            <distributed_product__packaging_cat_flags>Retail</distributed_product__packaging_cat_flags>
            <distributed_product__package_quantity>12</distributed_product__package_quantity>
            <distributed_product__reportable_food_amount>2400</distributed_product__reportable_food_amount>
            <distributed_product__reportable_food_amt_uom_valueset>2.16.840.1.113883.6.8</distributed_product__reportable_food_amt_uom_valueset>
            <distributed_product__reportable_food_amt_uom_code>L</distributed_product__reportable_food_amt_uom_code>
            <distributed_product__reportable_food_amt_uom>liter</distributed_product__reportable_food_amt_uom>
         </PRODUCT_DETAILS_AS_DISTRIBUTED>
      </DISTRIBUTED_PRODUCTS>
      <PRODUCT_LOTS_PRODUCED>
         <PRODUCT_DETAILS_BY_LOT>
            <product_lot_produced__batch_or_lot_number>Produced Lot Number</product_lot_produced__batch_or_lot_number>
            <product_lot_produced__expiration_dt>2/2/2009</product_lot_produced__expiration_dt>
            <product_lot_produced__package_quantity>12</product_lot_produced__package_quantity>
            <product_lot_produced__reportable_food_amount>5600</product_lot_produced__reportable_food_amount>
            <product_lot_produced__reportable_food_amt_uom_valueset>2.16.840.1.113883.6.8</product_lot_produced__reportable_food_amt_uom_valueset>
            <product_lot_produced__reportable_food_amt_uom_code>L</product_lot_produced__reportable_food_amt_uom_code>
            <product_lot_produced__reportable_food_amt_uom>liter</product_lot_produced__reportable_food_amt_uom>
            <product_lot_produced__disposed_product_cd_valueset>2.16.840.1.113883.3.26.1.1.976</product_lot_produced__disposed_product_cd_valueset>
            <product_lot_produced__disposed_product_cd_code>1</product_lot_produced__disposed_product_cd_code>
            <product_lot_produced__disposed_product_cd>Yes</product_lot_produced__disposed_product_cd>
            <product_lot_produced__disposition_dt>2/25/2009</product_lot_produced__disposition_dt>
            <product_lot_produced__disposition_type_flags_valueset>2.16.840.1.113883.3.26.1.1.975</product_lot_produced__disposition_type_flags_valueset>
            <product_lot_produced__disposition_type_flags_code>3</product_lot_produced__disposition_type_flags_code>
            <product_lot_produced__disposition_type_flags>Diverted into Animal Food</product_lot_produced__disposition_type_flags>
            <product_lot_produced__disposed_package_quantity>12</product_lot_produced__disposed_package_quantity>
            <product_lot_produced__disposed_amount>4300</product_lot_produced__disposed_amount>
            <product_lot_produced__disposed_amount_uom_valueset>2.16.840.1.113883.6.8</product_lot_produced__disposed_amount_uom_valueset>
            <product_lot_produced__disposed_amount_uom_code>L</product_lot_produced__disposed_amount_uom_code>
            <product_lot_produced__disposed_amount_uom>liter</product_lot_produced__disposed_amount_uom>
         </PRODUCT_DETAILS_BY_LOT>
      </PRODUCT_LOTS_PRODUCED>
      <PRODUCT_LOTS_RECEIVED>
         <PRODUCT_DETAILS_BY_LOT_RECEIVED>
            <product_lot_received__batch_or_lot_number>Received Lot Number</product_lot_received__batch_or_lot_number>
            <product_lot_received__expiration_dt>2/1/2009</product_lot_received__expiration_dt>
            <product_lot_received__package_quantity>7000</product_lot_received__package_quantity>
            <product_lot_received__reportable_food_amount>8000</product_lot_received__reportable_food_amount>
            <product_lot_received__reportable_food_amt_uom_valueset>2.16.840.1.113883.6.8</product_lot_received__reportable_food_amt_uom_valueset>
            <product_lot_received__reportable_food_amt_uom_code>L</product_lot_received__reportable_food_amt_uom_code>
            <product_lot_received__reportable_food_amt_uom>liter</product_lot_received__reportable_food_amt_uom>
            <product_lot_received__disposed_product_cd_valueset>2.16.840.1.113883.3.26.1.1.974</product_lot_received__disposed_product_cd_valueset>
            <product_lot_received__disposed_product_cd_code>1</product_lot_received__disposed_product_cd_code>
            <product_lot_received__disposed_product_cd>Yes</product_lot_received__disposed_product_cd>
            <product_lot_received__disposition_dt>2/25/2009</product_lot_received__disposition_dt>
            <product_lot_received__disposition_type_flags_valueset>2.16.840.1.113883.3.26.1.1.974</product_lot_received__disposition_type_flags_valueset>
            <product_lot_received__disposition_type_flags_code>2</product_lot_received__disposition_type_flags_code>
            <product_lot_received__disposition_type_flags>Destination</product_lot_received__disposition_type_flags>
            <product_lot_received__disposed_package_quantity>16</product_lot_received__disposed_package_quantity>
            <product_lot_received__disposed_amount>7777</product_lot_received__disposed_amount>
            <product_lot_received__disposed_amount_uom_valueset>2.16.840.1.113883.6.8</product_lot_received__disposed_amount_uom_valueset>
            <product_lot_received__disposed_amount_uom_code>L</product_lot_received__disposed_amount_uom_code>
            <product_lot_received__disposed_amount_uom>liter</product_lot_received__disposed_amount_uom>
         </PRODUCT_DETAILS_BY_LOT_RECEIVED>
      </PRODUCT_LOTS_RECEIVED>
      <PRODUCT_ORIGIN>
         <PRODUCT_ORIGIN_ORGANIZATION_IDENTIFYING_INFORMATION>
            <origin__type_flags_valueset>2.16.840.1.113883.3.26.1.1.973</origin__type_flags_valueset>
            <origin__type_flags_code>M;W</origin__type_flags_code>
            <origin__type_flags>Manufacturer;Warehouse</origin__type_flags>
            <origin__received_notification_cd_valueset>2.16.840.1.113883.3.26.1.1.972</origin__received_notification_cd_valueset>
            <origin__received_notification_cd_code>1</origin__received_notification_cd_code>
            <origin__received_notification_cd>Yes</origin__received_notification_cd>
            <origin__received_notification_dt>2/24/2009</origin__received_notification_dt>
            <origin__origin_start_dt>2/9/2009</origin__origin_start_dt>
            <origin__origin_end_dt>2/26/2009</origin__origin_end_dt>
            <origin__organization_name>Origin Full Name</origin__organization_name>
            <origin__contact_first_name>Origin 1st Name</origin__contact_first_name>
            <origin__contact_last_name>Origin Last Name</origin__contact_last_name>
            <origin__contact_title>Origin  Title</origin__contact_title>
            <origin__contact_voice_telephone>Origin Tele#</origin__contact_voice_telephone>
            <origin__contact_other_telephone>Origin  Other#</origin__contact_other_telephone>
            <origin__contact_fax_telephone>Origin Fax#</origin__contact_fax_telephone>
            <origin__contact_email_address>Origin eMail</origin__contact_email_address>
            <origin__address1>Origin addr Line 1</origin__address1>
            <origin__address2>Origin  addr Line 2</origin__address2>
            <origin__city_name>Origin City</origin__city_name>
            <origin__state_valueset>STATE</origin__state_valueset>
            <origin__state_code>AL</origin__state_code>
            <origin__state>Alabama</origin__state>
            <origin__country_cd_valueset>2.16.1</origin__country_cd_valueset>
            <origin__country_cd_code>US</origin__country_cd_code>
            <origin__country_cd>United States</origin__country_cd>
            <origin__postal_cd>12323</origin__postal_cd>
         </PRODUCT_ORIGIN_ORGANIZATION_IDENTIFYING_INFORMATION>
      </PRODUCT_ORIGIN>
   </RELEVANT_PRODUCTS>
</BAER>