<?xml version="1.0" encoding="utf-8"?>
<WebWorksHelpBook version="5.0" name="caAdapter 4.3 Online Help" context="caAdapter_4.3_Online_Help" locale="en" xmlns="urn:WebWorks-Help-Book-Files-Schema">
  <CommonWordsToSkip minlen="3">
    a about after all also am an and another any are as at
    be because been before being between both but by
    came can come copyright corp corporation could
    did do does
    each etc
    for from
    get goes got
    had has have he her here him himself his how
    if in inc into is it its
    let like
    make many me might more most much must my
    never nor not now
    of off on one only or other our out over own
    reserved rights
    said same see set shall she should since so some still such
    take than that the their them then there these they this those though through to too
    under us use
    very
    was way we well were what when where which while who why will with would
    yes yet you your
   </CommonWordsToSkip>
  <ScoringPrefs>
    <meta name="keywords" weight="100" />
    <meta name="description" weight="50" />
    <meta name="summary" weight="50" />
    <title weight="20" />
    <h1 weight="15" />
    <h2 weight="10" />
    <caption weight="10" />
    <h3 weight="7" />
    <th weight="5" />
    <h4 weight="5" />
    <h5 weight="4" />
    <h6 weight="3" />
    <h7 weight="2" />
  </ScoringPrefs>
  <DocumentInfo>
    <Document title="Welcome to caAdapter Online Help" href="caAdapter_Welcome.1.1.html" />
    <Document title="Using the Online Help" href="caAdapter_Welcome.1.2.html" />
    <Document title="caAdapter Overview" href="caAdapter_Overview.2.1.html" />
    <Document title="About caAdapter" href="caAdapter_Overview.2.2.html" />
    <Document title="caAdapter Core Engine Architecture" href="caAdapter_Overview.2.3.html" />
    <Document title="caAdapter Architecture" href="caAdapter_Overview.2.4.html" />
    <Document title="About HL7" href="caAdapter_Overview.2.5.html" />
    <Document title="Prerequisites for Using caAdapter" href="caAdapter_Overview.2.6.html" />
    <Document title="Resources for Installing caAdapter" href="caAdapter_Overview.2.7.html" />
    <Document title="Starting caAdapter" href="caAdapter_Overview.2.8.html" />
    <Document title="Starting caAdapter from the Source Distribution" href="caAdapter_Overview.2.9.html" />
    <Document title="Starting caAdapter from the Windows Distribution" href="caAdapter_Overview.2.10.html" />
    <Document title="Starting the Mapping Tool on the Web (WebStart)" href="caAdapter_Overview.2.11.html" />
    <Document title="caAdapter Common Features" href="caAdapter_Overview.2.12.html" />
    <Document title="Using caAdapter" href="caAdapter_UsingcaAdapter.3.1.html" />
    <Document title="API Process Flow for CSV to HL7 V3 Transformation" href="caAdapter_UsingcaAdapter.3.2.html" />
    <Document title="API Operational Scenario for CSV to HL7 V3 Transformation" href="caAdapter_UsingcaAdapter.3.3.html" />
    <Document title="Operational Scenario for CSV to HL7 V3 Transformation" href="caAdapter_UsingcaAdapter.3.4.html" />
    <Document title="Operational Scenario for HL7 V2 to HL7 V3 Transformation" href="caAdapter_UsingcaAdapter.3.5.html" />
    <Document title="CSV to HL7 V3 Mapping and Transformation" href="caAdapter_CSV-to-HL7_M&amp;T.4.1.html" />
    <Document title="caAdapter Process Flow" href="caAdapter_CSV-to-HL7_M&amp;T.4.2.html" />
    <Document title="caAdapter Validation" href="caAdapter_CSV-to-HL7_M&amp;T.4.3.html" />
    <Document title="Understanding Source Specifications" href="caAdapter_CSV-to-HL7_M&amp;T.4.4.html" />
    <Document title="CSV Specification" href="caAdapter_CSV-to-HL7_M&amp;T.4.5.html" />
    <Document title="About the CSV Specification Tab" href="caAdapter_CSV-to-HL7_M&amp;T.4.6.html" />
    <Document title="Creating a New CSV Specification File" href="caAdapter_CSV-to-HL7_M&amp;T.4.7.html" />
    <Document title="Opening an Existing CSV Specification File" href="caAdapter_CSV-to-HL7_M&amp;T.4.8.html" />
    <Document title="Updating the CSV Specification" href="caAdapter_CSV-to-HL7_M&amp;T.4.9.html" />
    <Document title="Validating the CSV Specification" href="caAdapter_CSV-to-HL7_M&amp;T.4.10.html" />
    <Document title="Saving a CSV Specification" href="caAdapter_CSV-to-HL7_M&amp;T.4.11.html" />
    <Document title="Generating a Report" href="caAdapter_CSV-to-HL7_M&amp;T.4.12.html" />
    <Document title="Understanding Target Specifications" href="caAdapter_CSV-to-HL7_M&amp;T.4.13.html" />
    <Document title="HL7 V3 Specification" href="caAdapter_CSV-to-HL7_M&amp;T.4.14.html" />
    <Document title="Business Rules for the HL7 V3 Specification" href="caAdapter_CSV-to-HL7_M&amp;T.4.15.html" />
    <Document title="Overview of HL7 V3 Specification Tab" href="caAdapter_CSV-to-HL7_M&amp;T.4.16.html" />
    <Document title="Creating an HL7 V3 Specification" href="caAdapter_CSV-to-HL7_M&amp;T.4.17.html" />
    <Document title="Opening an Existing HLV V3 Specification" href="caAdapter_CSV-to-HL7_M&amp;T.4.18.html" />
    <Document title="Defining Inline Text" href="caAdapter_CSV-to-HL7_M&amp;T.4.19.html" />
    <Document title="Defining Units of Measure" href="caAdapter_CSV-to-HL7_M&amp;T.4.20.html" />
    <Document title="Defining Default Data" href="caAdapter_CSV-to-HL7_M&amp;T.4.21.html" />
    <Document title="Defining Object Identifiers (OIDs)" href="caAdapter_CSV-to-HL7_M&amp;T.4.22.html" />
    <Document title="Adding Optional Clones to the HL7 V3 Specification" href="caAdapter_CSV-to-HL7_M&amp;T.4.23.html" />
    <Document title="Adding and Removing Multiples in the HL7 V3 Specification" href="caAdapter_CSV-to-HL7_M&amp;T.4.24.html" />
    <Document title="Updating Abstract Data Types in the HL7 V3 Specification" href="caAdapter_CSV-to-HL7_M&amp;T.4.25.html" />
    <Document title="Using Choice Boxes in the HL7 V3 Specification" href="caAdapter_CSV-to-HL7_M&amp;T.4.26.html" />
    <Document title="Enabling and Disabling Force XML with an Optional Clone" href="caAdapter_CSV-to-HL7_M&amp;T.4.27.html" />
    <Document title="Adding and Removing Parts of an Address Data Type" href="caAdapter_CSV-to-HL7_M&amp;T.4.28.html" />
    <Document title="Validating the HL7 V3 Specification" href="caAdapter_CSV-to-HL7_M&amp;T.4.29.html" />
    <Document title="Saving an HL7 V3 Specification" href="caAdapter_CSV-to-HL7_M&amp;T.4.30.html" />
    <Document title="Defining Custom Data Types" href="caAdapter_CSV-to-HL7_M&amp;T.4.31.html" />
    <Document title="Understanding Map Specifications" href="caAdapter_CSV-to-HL7_M&amp;T.4.32.html" />
    <Document title="Map Specification Business Rules" href="caAdapter_CSV-to-HL7_M&amp;T.4.33.html" />
    <Document title="Creating Mappings" href="caAdapter_CSV-to-HL7_M&amp;T.4.34.html" />
    <Document title="Overview of the Map Specification Tab" href="caAdapter_CSV-to-HL7_M&amp;T.4.35.html" />
    <Document title="Creating and Opening a Map Specification" href="caAdapter_CSV-to-HL7_M&amp;T.4.36.html" />
    <Document title="Creating a Mapping Link" href="caAdapter_CSV-to-HL7_M&amp;T.4.37.html" />
    <Document title="Deleting a Mapping Link" href="caAdapter_CSV-to-HL7_M&amp;T.4.38.html" />
    <Document title="Using Functions in Map Specifications" href="caAdapter_CSV-to-HL7_M&amp;T.4.39.html" />
    <Document title="Editing a Constant Function" href="caAdapter_CSV-to-HL7_M&amp;T.4.40.html" />
    <Document title="Using the Date Function" href="caAdapter_CSV-to-HL7_M&amp;T.4.41.html" />
    <Document title="Using Vocabulary Functions" href="caAdapter_CSV-to-HL7_M&amp;T.4.42.html" />
    <Document title="Using nullFlavor Functions" href="caAdapter_CSV-to-HL7_M&amp;T.4.43.html" />
    <Document title="Refreshing the Map Specification Tab" href="caAdapter_CSV-to-HL7_M&amp;T.4.44.html" />
    <Document title="Validating the Map Specification" href="caAdapter_CSV-to-HL7_M&amp;T.4.45.html" />
    <Document title="Saving a Map Specification" href="caAdapter_CSV-to-HL7_M&amp;T.4.46.html" />
    <Document title="Generating a Map Specification Report" href="caAdapter_CSV-to-HL7_M&amp;T.4.47.html" />
    <Document title="Understanding HL7 V3 Messages" href="caAdapter_CSV-to-HL7_M&amp;T.4.48.html" />
    <Document title="HL7 V3 Message Business Rules" href="caAdapter_CSV-to-HL7_M&amp;T.4.49.html" />
    <Document title="Generating HL7 V3 Messages" href="caAdapter_CSV-to-HL7_M&amp;T.4.50.html" />
    <Document title="About the HL7 V3 Message Tab" href="caAdapter_CSV-to-HL7_M&amp;T.4.51.html" />
    <Document title="Starting the Conversion Process" href="caAdapter_CSV-to-HL7_M&amp;T.4.52.html" />
    <Document title="Using the HL7 V3 Messages Tab" href="caAdapter_CSV-to-HL7_M&amp;T.4.53.html" />
    <Document title="Saving an HL7 V3 Message" href="caAdapter_CSV-to-HL7_M&amp;T.4.54.html" />
    <Document title="Transforming an HL7 Message to CSV Format" href="caAdapter_CSV-to-HL7_M&amp;T.4.55.html" />
    <Document title="HL7 V3 to CSV Transformation Business Rules" href="caAdapter_CSV-to-HL7_M&amp;T.4.56.html" />
    <Document title="HL7 V3 Messages to CSV Format" href="caAdapter_CSV-to-HL7_M&amp;T.4.57.html" />
    <Document title="Reusing the HL7 V3 Message Tab" href="caAdapter_CSV-to-HL7_M&amp;T.4.58.html" />
    <Document title="Starting the Conversion Process" href="caAdapter_CSV-to-HL7_M&amp;T.4.59.html" />
    <Document title="Saving the CSV Data File" href="caAdapter_CSV-to-HL7_M&amp;T.4.60.html" />
    <Document title="HL7 V2 to HL7 V3 Conversion" href="caAdapter_HL7v2toHL7v3Conversion.5.1.html" />
    <Document title="Converting HL7 V2 to HL7 V3 Messages" href="caAdapter_HL7v2toHL7v3Conversion.5.2.html" />
    <Document title="Understanding the Mapping and Transformation Processes" href="caAdapter_HL7v2toHL7v3Conversion.5.3.html" />
    <Document title="Step 1: Generating the H3S File" href="caAdapter_HL7v2toHL7v3Conversion.5.4.html" />
    <Document title="Step 2: Creating the .map file" href="caAdapter_HL7v2toHL7v3Conversion.5.5.html" />
    <Document title="Step 3: Transforming a Message from V2 to V3" href="caAdapter_HL7v2toHL7v3Conversion.5.6.html" />
    <Document title="Using the API for HL7 V2 to HL7 V3 Transformation" href="caAdapter_HL7v2toHL7v3Conversion.5.7.html" />
    <Document title="Using Functions in Mapping" href="caAdapter_UsingFunctionsinMapping.6.1.html" />
    <Document title="Functions Provided by caAdapter" href="caAdapter_UsingFunctionsinMapping.6.2.html" />
    <Document title="Function Specifications" href="caAdapter_UsingFunctionsinMapping.6.3.html" />
    <Document title="Function Specification Overview" href="caAdapter_UsingFunctionsinMapping.6.4.html" />
    <Document title="Vocabulary Mapping Specification Overview" href="caAdapter_UsingFunctionsinMapping.6.5.html" />
    <Document title="Using the caAdapter APIs" href="caAdapter_UsingthecaAdapterAPIs.7.1.html" />
    <Document title="caAdapter Directory Structure" href="caAdapter_UsingthecaAdapterAPIs.7.2.html" />
    <Document title="caAdapter API Modules" href="caAdapter_UsingthecaAdapterAPIs.7.3.html" />
    <Document title="Metadata Loader" href="caAdapter_UsingthecaAdapterAPIs.7.4.html" />
    <Document title="Transformation Service" href="caAdapter_UsingthecaAdapterAPIs.7.5.html" />
    <Document title="Vocabulary and MIF Schema Validation" href="caAdapter_UsingthecaAdapterAPIs.7.6.html" />
    <Document title="caAdapter API Error Logs" href="caAdapter_UsingthecaAdapterAPIs.7.7.html" />
    <Document title="caAdapter Web Services Transformation Module" href="caAdapter_WebServicesTransformationModule.8.1.html" />
    <Document title="Introduction to caAdapter Web Services" href="caAdapter_WebServicesTransformationModule.8.2.html" />
    <Document title="Setting Up Mapping Scenarios Through the Web Portal" href="caAdapter_WebServicesTransformationModule.8.3.html" />
    <Document title="Programmatic Access to the caAdapter Web Services" href="caAdapter_WebServicesTransformationModule.8.4.html" />
    <Document title="Axis 1.x RPC Style Access to caAdapter Web Services" href="caAdapter_WebServicesTransformationModule.8.5.html" />
    <Document title="Axis 1.x DII Style Access to caAdapter Web Services" href="caAdapter_WebServicesTransformationModule.8.6.html" />
    <Document title="Axis 2.0 RPC Style Access to caAdapter Web Services" href="caAdapter_WebServicesTransformationModule.8.7.html" />
    <Document title="caAdapter File Types" href="caAdapter_FileTypes.9.1.html" />
    <Document title="caAdapter File Formats and Locations" href="caAdapter_FileTypes.9.2.html" />
    <Document title="CSV Data File" href="caAdapter_FileTypes.9.3.html" />
    <Document title="CSV Specification" href="caAdapter_FileTypes.9.4.html" />
    <Document title="HL7 V3 Specification" href="caAdapter_FileTypes.9.5.html" />
    <Document title="HL7 V3 Message" href="caAdapter_FileTypes.9.6.html" />
    <Document title="CSV to HL7 V3 Map Specification" href="caAdapter_FileTypes.9.7.html" />
    <Document title="caAdapter Example Data" href="caAdapter_AppA_ExampleData.10.1.html" />
    <Document title="References" href="caAdapter_AppB_References.11.1.html" />
    <Document title="Articles" href="caAdapter_AppB_References.11.2.html" />
    <Document title="caBIG Material" href="caAdapter_AppB_References.11.3.html" />
    <Document title="caCORE Material" href="caAdapter_AppB_References.11.4.html" />
    <Document title="HL7 Concepts and Material" href="caAdapter_AppB_References.11.5.html" />
    <Document title="Software Products" href="caAdapter_AppB_References.11.6.html" />
    <Document title="caAdapter Glossary" href="caAdapter_Glossary.12.1.html" />
  </DocumentInfo>
  <TopicMap>
    <Topic name="Welcome" href="caAdapter_Welcome.1.1.html#1064689" />
  </TopicMap>
</WebWorksHelpBook>