<?xml version="1.0" encoding="utf-8"?>
<WebWorksHelpIX version="5.0" xmlns="urn:WebWorks-Help-Index-Schema">
  <g t="A" o="002">
    <i t="Abstract data types">
      <i t="updating">
        <j l="52#1186670" />
      </i>
    </i>
    <i t="Add Clone option">
      <j l="50#1186608" />
    </i>
    <i t="Add Function option">
      <j l="66#1186954" />
    </i>
    <i t="Add Multiple Clone option">
      <j l="51#1211834" />
    </i>
    <i t="Adding">
      <i t="fields in CSV">
        <j l="35#1186292" />
      </i>
      <i t="function to map specification">
        <j l="66#1186954" />
      </i>
      <i t="functions">
        <j l="119" />
      </i>
      <i t="functions to function library">
        <j l="119" />
      </i>
      <i t="multiple attributes on HL7 v3 specification">
        <j l="51#1186645" />
      </i>
      <i t="segments in CSV">
        <j l="35#1186290" />
      </i>
    </i>
    <i t="Adverse event">
      <i t="reporting">
        <j l="23#1108174" />
      </i>
    </i>
    <i t="ANY label">
      <j l="52#1186670" />
    </i>
    <i t="API, caAdapter">
      <j l="102#1071022" />
    </i>
    <i t="Attribute, HL7 v3 specification">
      <j l="46#1186461" />
    </i>
  </g>
  <g t="B" o="002">
    <i t="Building">
      <i t="object graph">
        <j l="23#1108176" />
      </i>
    </i>
    <i t="Business rules">
      <i t="HL7 v3 message">
        <j l="76#1187129" />
      </i>
      <i t="HL7 v3 specification">
        <j l="41#1186433" />
      </i>
      <i t="map specification">
        <j l="60#1186799" />
      </i>
    </i>
  </g>
  <g t="C" o="002">
    <i t="caAdapter">
      <i t="APIs">
        <j l="23#1108174" />
      </i>
      <i t="interface">
        <j l="13#1114714" />
      </i>
    </i>
    <i t="caAdapter HL7 MTS 4.3">
      <i t="defined">
        <j l="3#1105071" />
      </i>
      <i t="overview">
        <j l="3#1105067" />
      </i>
    </i>
    <i t="caadapter.log file">
      <j l="106#1071128" />
    </i>
    <i t="caBIG solution">
      <j l="3#1105067" />
    </i>
    <i t="caCORE">
      <i t="caAdapter’s integration with">
        <j l="3#1113858" />
      </i>
    </i>
    <i t="Cardinality">
      <j l="51#1186633" />
    </i>
    <i t="CBIIT">
      <j l="121#1063854" />
    </i>
    <i t="CDMS, operational scenario">
      <j l="24#1108195" />
    </i>
    <i t="changeFormat date function">
      <j l="68#1186979" />
    </i>
    <i t="Changing logging properties">
      <j l="106#1071004" />
    </i>
    <i t="Choice">
      <i t="boxes">
        <j l="53#1186685" />
      </i>
    </i>
    <i t="Clone">
      <i t="adding">
        <j l="50#1186608" />
      </i>
      <i t="Attribute Object Properties panel">
        <j l="64#1186915" />
      </i>
      <i t="HL7 v3 specification">
        <j l="46#1186459" />
      </i>
    </i>
    <i t="Clone List dialog box">
      <j l="50#1186611" />
      <j l="53#1186686" />
    </i>
    <i t="codeSystem data type">
      <j l="45#1210134" />
    </i>
    <i t="Component, defined">
      <j l="120#1072000" />
    </i>
    <i t="Components of caAdapter">
      <j l="3#1105067" />
    </i>
    <i t="Constant function">
      <j l="67#1186972" />
    </i>
    <i t="Converting data file into HL7 v3 message">
      <j l="79#1187160" />
      <j l="86#1187273" />
    </i>
    <i t="Creating">
      <i t="HL7 v3 message">
        <j l="79#1187160" />
        <j l="86#1187273" />
      </i>
      <i t="HL7 v3 Specification">
        <j l="48" />
      </i>
      <i t="map specification">
        <j l="63#1186839" />
      </i>
      <i t="mapping link">
        <j l="64#1186858" />
      </i>
    </i>
    <i t="CSV data file format">
      <j l="116#1070966" />
    </i>
    <i t="CSV Field Properties">
      <j l="64#1186895" />
    </i>
    <i t="CSV specification">
      <i t="business rules">
        <j l="31#1186187" />
      </i>
      <i t="file example">
        <j l="117#1080847" />
      </i>
      <i t="format">
        <j l="117#1070984" />
      </i>
      <i t="updating">
        <j l="35#1186258" />
      </i>
    </i>
  </g>
  <g t="D" o="002">
    <i t="Data type">
      <i t="element">
        <j l="46#1186463" />
      </i>
      <i t="field">
        <j l="52#1186675" />
      </i>
    </i>
    <i t="Date function, changeFormat">
      <j l="68#1186979" />
    </i>
    <i t="Date function, using">
      <j l="68" />
    </i>
    <i t="Default values">
      <i t="defining">
        <j l="44#1210056" />
      </i>
    </i>
    <i t="Defining">
      <i t="default data">
        <j l="44" />
      </i>
      <i t="mappings">
        <j l="27#1186073" />
      </i>
      <i t="object identifiers">
        <j l="45" />
      </i>
      <i t="units of measure">
        <j l="43" />
      </i>
    </i>
    <i t="Delete button">
      <j l="35#1186321" />
    </i>
    <i t="Deleting">
      <i t="fields in CSV">
        <j l="35#1186314" />
      </i>
      <i t="map lines">
        <j l="64#1186888" />
      </i>
      <i t="segments in CSV">
        <j l="35#1186297" />
      </i>
    </i>
    <i t="Dragging-and-dropping elements in CSV">
      <j l="35#1186316" />
    </i>
    <i t="DTD">
      <j l="121#1063690" />
    </i>
  </g>
  <g t="E" o="002">
    <i t="Edit Constant option">
      <j l="67#1186972" />
    </i>
    <i t="Editing">
      <i t="constant function">
        <j l="67#1186969" />
      </i>
      <i t="field name">
        <j l="35#1186309" />
      </i>
      <i t="fields in CSV">
        <j l="35#1186312" />
      </i>
      <i t="segment name">
        <j l="35#1186278" />
      </i>
      <i t="segments in CSV">
        <j l="35#1186295" />
      </i>
    </i>
    <i t="Element">
      <i t="types of HL7 v3 specification">
        <j l="46#1186456" />
      </i>
    </i>
    <i t="EVS, validation">
      <j l="23#1108176" />
    </i>
    <i t="Example">
      <i t="CSV specification file">
        <j l="117#1080847" />
      </i>
      <i t="data">
        <j l="101#1070801" />
        <j l="101#1070921" />
      </i>
      <i t="function specification file">
        <j l="99#1073691" />
      </i>
      <i t="HL7 v3 message file">
        <j l="119#1071937" />
      </i>
      <i t="HL7 v3 specification">
        <j l="118#1071045" />
      </i>
      <i t="map specification file">
        <j l="120#1072005" />
      </i>
      <i t="OIDs">
        <j l="45#1210130" />
      </i>
    </i>
    <i t="examples directory">
      <j l="101#1070801" />
      <j l="101#1070921" />
      <j l="118#1071045" />
      <j l="120#1072005" />
    </i>
    <i t="Excel spreadsheet">
      <j l="74#1187107" />
    </i>
    <i t="Extensions, file descriptions">
      <j l="115#1070699" />
    </i>
  </g>
  <g t="F" o="002">
    <i t="FDA, operational scenario">
      <j l="24#1108195" />
    </i>
    <i t="Field properties">
      <j l="35#1186298" />
    </i>
    <i t="File">
      <i t="New CSV Specification">
        <j l="33#1186211" />
      </i>
      <i t="New HL7 v3 Message">
        <j l="79#1187162" />
        <j l="86#1187275" />
      </i>
      <i t="New HL7 v3 Specification">
        <j l="48#1214112" />
      </i>
      <i t="New Map Specification">
        <j l="63#1186841" />
      </i>
      <i t="Open  HL7 v3 Specification">
        <j l="49#1186497" />
      </i>
      <i t="Open CSV Specification">
        <j l="34#1186248" />
      </i>
      <i t="Open Map Specification">
        <j l="63#1186852" />
      </i>
      <i t="Save">
        <j l="37#1186353" />
        <j l="57#1195198" />
        <j l="73#1187096" />
      </i>
      <i t="Save As">
        <j l="37#1186353" />
        <j l="57#1195198" />
        <j l="73#1187096" />
      </i>
      <i t="Validate">
        <j l="36#1186328" />
        <j l="56#1186753" />
        <j l="72#1187086" />
      </i>
    </i>
    <i t="File extensions">
      <j l="115#1070699" />
    </i>
    <i t="File types">
      <j l="114#1070736" />
    </i>
    <i t="Format">
      <i t="CSV data file">
        <j l="116#1070966" />
      </i>
      <i t="CSV specification">
        <j l="117#1070984" />
      </i>
      <i t="function specification">
        <j l="98#1073841" />
      </i>
      <i t="HL7 v3 message">
        <j l="119" />
        <j l="119#1071937" />
      </i>
      <i t="map specification">
        <j l="120#1071992" />
      </i>
      <i t="of files">
        <j l="114#1070736" />
      </i>
    </i>
    <i t="Function">
      <i t="component, defined">
        <j l="120#1072000" />
      </i>
      <i t="group properties panel">
        <j l="64#1186926" />
      </i>
      <i t="panel, defined">
        <j l="66#1186942" />
      </i>
      <i t="properties panel">
        <j l="64#1186926" />
        <j l="66#1186943" />
      </i>
      <i t="specification format">
        <j l="98#1073841" />
        <j l="99#1073016" />
      </i>
      <i t="specification, example file">
        <j l="99#1073691" />
      </i>
    </i>
  </g>
  <g t="G" o="002">
    <i t="Generating">
      <i t="CSV Report">
        <j l="38" />
      </i>
      <i t="CSV specification">
        <j l="27#1186069" />
      </i>
      <i t="HL7 specification">
        <j l="27#1186072" />
      </i>
      <i t="HL7 v3 messages">
        <j l="79#1187160" />
        <j l="86#1187273" />
      </i>
      <i t="Map Report">
        <j l="74" />
      </i>
    </i>
    <i t="Glossary">
      <j l="121#1059361" />
    </i>
    <i t="gov.nih.nci.hl7.map package">
      <j l="104#1071061" />
    </i>
  </g>
  <g t="H" o="002">
    <i t="HL7">
      <i t="assigned OIDs">
        <j l="45#1210123" />
      </i>
      <i t="choice boxes">
        <j l="53#1186685" />
        <j l="54#1186703" />
        <j l="54#1186708" />
        <j l="55#1186725" />
      </i>
      <i t="defined">
        <j l="121#1063432" />
      </i>
    </i>
    <i t="HL7 v2 messages">
      <i t="about">
        <j l="6#1105289" />
      </i>
      <i t="converting to HL7 v3">
        <j l="89#1079126" />
      </i>
    </i>
    <i t="HL7 v3 message">
      <i t="business rules">
        <j l="76#1187129" />
      </i>
      <i t="creating">
        <j l="79#1187160" />
        <j l="86#1187273" />
      </i>
      <i t="dialog box">
        <j l="79#1187162" />
        <j l="86#1187275" />
      </i>
      <i t="Example file">
        <j l="119#1071937" />
      </i>
      <i t="format">
        <j l="119#1071937" />
      </i>
      <i t="overview">
        <j l="78#1187142" />
        <j l="85#1191072" />
      </i>
      <i t="regenerating">
        <j l="80#1187231" />
      </i>
      <i t="tab features">
        <j l="80#1187223" />
      </i>
    </i>
    <i t="HL7 v3 message tab">
      <j l="78" />
    </i>
    <i t="HL7 v3 specification">
      <i t="attribute properties panel">
        <j l="64#1186915" />
      </i>
      <i t="data type field properties panel">
        <j l="64#1186915" />
      </i>
      <i t="dialog box">
        <j l="48#1214112" />
      </i>
      <i t="example file">
        <j l="118#1071045" />
      </i>
      <i t="tab overview">
        <j l="46#1186450" />
      </i>
      <i t="validating">
        <j l="56#1186749" />
      </i>
    </i>
  </g>
  <g t="I" o="002">
    <i t="ICSR">
      <i t="operational scenario">
        <j l="24#1108195" />
      </i>
    </i>
    <i t="inlineText data type field">
      <j l="42#1210040" />
    </i>
  </g>
  <g t="L" o="002">
    <i t="Link">
      <i t="properties panel">
        <j l="64#1186909" />
      </i>
    </i>
    <i t="Log files">
      <j l="106#1071128" />
    </i>
    <i t="logging.properties file">
      <j l="106#1071004" />
    </i>
  </g>
  <g t="M" o="002">
    <i t="Mandatory">
      <i t="values">
        <j l="44#1210115" />
      </i>
    </i>
    <i t="Map specification">
      <i t="business rules">
        <j l="60#1186799" />
      </i>
      <i t="example file">
        <j l="120#1072005" />
      </i>
      <i t="format">
        <j l="120#1071992" />
      </i>
      <i t="internal reference">
        <j l="115#1070958" />
      </i>
      <i t="opening">
        <j l="63#1186850" />
      </i>
      <i t="status">
        <j l="74#1187100" />
      </i>
      <i t="tab overview">
        <j l="62#1186820" />
      </i>
      <i t="updating">
        <j l="64" />
      </i>
      <i t="validating">
        <j l="72#1187084" />
      </i>
    </i>
    <i t="Map specification, updating">
      <j l="64" />
    </i>
    <i t="MapGenerateResult class">
      <j l="104#1071062" />
    </i>
    <i t="Mapping">
      <i t="line">
        <j l="64#1186879" />
      </i>
    </i>
    <i t="Mapping tool">
      <i t="basic steps">
        <j l="27#1227806" />
      </i>
    </i>
    <i t="Menu bar">
      <j l="14#1112174" />
    </i>
    <i t="Message types, supported">
      <j l="48#1210766" />
    </i>
    <i t="Meta Data Loader">
      <j l="103" />
    </i>
    <i t="MIF">
      <i t="format">
        <j l="103#1071199" />
      </i>
      <i t="HL7 file">
        <j l="24#1108199" />
      </i>
    </i>
    <i t="Move Down button">
      <j l="35#1186273" />
    </i>
    <i t="Move Up button">
      <j l="35#1186273" />
    </i>
    <i t="Moving a segment in CSV">
      <j l="35#1186316" />
    </i>
    <i t="Multiples in HL7 v3 specification">
      <j l="51" />
    </i>
  </g>
  <g t="N" o="002">
    <i t="nullFlavor">
      <i t="defined">
        <j l="70#1204052" />
      </i>
      <i t="exceptional value types">
        <j l="70#1209266" />
      </i>
      <i t="function">
        <j l="70#1212940" />
      </i>
    </i>
  </g>
  <g t="O" o="002">
    <i t="OID">
      <i t="defining">
        <j l="45" />
      </i>
      <i t="registry page">
        <j l="45#1210123" />
      </i>
    </i>
    <i t="online help">
      <i t="locating topics of interest">
        <j l="1#1066270" />
      </i>
      <i t="printing">
        <j l="1#1066290" />
      </i>
      <i t="using">
        <j l="1" />
      </i>
    </i>
    <i t="Open CSV specification dialog">
      <j l="34#1186248" />
    </i>
    <i t="Open Data File dialog box">
      <j l="79#1187173" />
      <j l="86#1187286" />
    </i>
    <i t="Open HL7 v3 Specification File dialog box">
      <j l="49#1186497" />
    </i>
    <i t="Open Map Specification dialog box">
      <j l="79#1187176" />
      <j l="86#1187289" />
    </i>
    <i t="Open Source File dialog box">
      <j l="63#1186843" />
    </i>
    <i t="Open Target File dialog box">
      <j l="63#1186846" />
    </i>
    <i t="Opening">
      <i t="HL7 v3 specification">
        <j l="49#1186497" />
      </i>
      <i t="map specification">
        <j l="63#1186850" />
      </i>
      <i t="new file">
        <j l="20#1112371" />
      </i>
    </i>
    <i t="Optional associations">
      <j l="50#1186608" />
    </i>
  </g>
  <g t="P" o="002">
    <i t="Parsing">
      <i t="message">
        <j l="23#1108176" />
      </i>
    </i>
    <i t="Properties">
      <i t="panel">
        <j l="64#1186891" />
      </i>
    </i>
  </g>
  <g t="Q" o="002">
    <i t="QTY label">
      <j l="52#1186670" />
    </i>
  </g>
  <g t="R" o="002">
    <i t="Remove Clone option">
      <j l="50#1186624" />
    </i>
    <i t="Remove Multiple Attribute option">
      <j l="51#1186646" />
      <j l="51#1186650" />
      <j l="51#1186653" />
      <j l="51#1186660" />
    </i>
    <i t="Remove Multiple Clone option">
      <j l="51#1186640" />
      <j l="51#1186640" />
    </i>
    <i t="Removing multiple attributes from HL7 v3 specification">
      <j l="51#1186650" />
      <j l="51#1186653" />
      <j l="51#1186660" />
    </i>
    <i t="Removing multiple clones from HL7 v3 specification">
      <j l="51#1186640" />
    </i>
    <i t="Report">
      <i t="CSV example">
        <j l="38#1186364" />
      </i>
      <i t="generate map report">
        <j l="74#1187104" />
      </i>
      <i t="generate report">
        <j l="38#1186364" />
      </i>
      <i t="Map specification">
        <j l="74#1187104" />
      </i>
    </i>
    <i t="Reset button">
      <j l="35#1186319" />
    </i>
    <i t="Resizing panels">
      <j l="13#1114714" />
    </i>
  </g>
  <g t="S" o="002">
    <i t="Saving">
      <i t="HL7 v3 Message">
        <j l="81" />
      </i>
      <i t="HL7 v3 Specification">
        <j l="57" />
      </i>
      <i t="map specification">
        <j l="73" />
      </i>
    </i>
    <i t="Segment">
      <i t="options">
        <j l="35#1186280" />
      </i>
      <i t="properties">
        <j l="35#1186260" />
      </i>
    </i>
    <i t="Select Choice option">
      <j l="53#1186686" />
    </i>
    <i t="Selected Choice for label">
      <j l="53#1186689" />
    </i>
    <i t="SimpleDateFormat class">
      <j l="68#1186979" />
    </i>
  </g>
  <g t="T" o="002">
    <i t="Tab">
      <i t="CSV specification">
        <j l="32#1186198" />
      </i>
      <i t="HL7 v3 message">
        <j l="85" />
      </i>
      <i t="HL7 v3 specification">
        <j l="46" />
      </i>
      <i t="map specification">
        <j l="62#1186820" />
      </i>
      <i t="types of">
        <j l="20#1112365" />
      </i>
    </i>
    <i t="Transformation Service">
      <j l="104" />
    </i>
    <i t="TransformationService class">
      <j l="104#1071062" />
    </i>
    <i t="Transforming, into RIM object graph">
      <j l="27#1186076" />
    </i>
  </g>
  <g t="U" o="002">
    <i t="UCUM, units of measure">
      <j l="43#1210048" />
    </i>
    <i t="Units of measure properties">
      <j l="43#1210048" />
    </i>
    <i t="User-defined default value">
      <j l="44#1210058" />
      <j l="45#1210134" />
    </i>
  </g>
  <g t="V" o="002">
    <i t="Validating">
      <i t="CSV">
        <j l="36#1186326" />
      </i>
      <i t="CSV data against specialization">
        <j l="36#1186342" />
      </i>
      <i t="CSV specification">
        <j l="36#1186340" />
      </i>
      <i t="HL7 structural attributes">
        <j l="105#1071099" />
      </i>
      <i t="HL7 v3 specification">
        <j l="56" />
      </i>
      <i t="vocabulary using EVS">
        <j l="23#1108176" />
      </i>
    </i>
    <i t="Validation Messages dialog box">
      <j l="72#1187088" />
    </i>
    <i t="Validation Messages panel">
      <j l="56#1186766" />
    </i>
    <i t="Vocabulary validation">
      <j l="105#1071099" />
    </i>
  </g>
</WebWorksHelpIX>