<?xml version="1.0" encoding="utf-8"?>
<WebWorksHelpTOC version="5.0" xmlns="urn:WebWorks-Help-TOC-Schema">
  <i t="Welcome to caAdapter HL7 MTS v4.3 Online Help" l="0">
    <i t="Using the Online Help" l="1" />
  </i>
  <i t="Getting Started with caAdapter HL7 MTS v4.3" l="2">
    <i t="About caAdapter HL7 MTS v4.3" l="3">
      <i t="caAdapter HL7 MTS v4.3 Core Engine Architecture" l="4" />
      <i t="caAdapter HL7 MTS v4.3 Architecture" l="5" />
    </i>
    <i t="About HL7" l="6" />
    <i t="Prerequisites for Using caAdapter HL7 MTS v4.3" l="7" />
    <i t="Resources for Installing caAdapter HL7 MTS v4.3" l="8" />
    <i t="Starting caAdapter HL7 MTS v4.3" l="9">
      <i t="Starting caAdapter HL7 MTS v4.3 from the Binary Distribution" l="9#1105675" />
      <i t="Starting caAdapter HL7 MTS v4.3 from the Source Distribution" l="10" />
      <i t="Starting caAdapter HL7 MTS v4.3 from the Windows Distribution" l="11" />
      <i t="Starting caAdapter HL7 MTS v4.3 on the Web (WebStart)" l="12" />
    </i>
    <i t="caAdapter HL7 MTS v4.3 User Interface" l="13">
      <i t="Menus" l="14">
        <i t="File Menu" l="15" />
        <i t="Tools Menu" l="16" />
        <i t="Help Menu" l="17" />
        <i t="Report Menu" l="18" />
      </i>
      <i t="Toolbar" l="19" />
      <i t="Tabs" l="20" />
    </i>
  </i>
  <i t="Using caAdapter HL7 MTS v4.3" l="21">
    <i t="API Process Flow for CSV to HL7 v3 Transformation" l="22" />
    <i t="API Operational Scenario for CSV to HL7 v3 Transformation" l="23" />
    <i t="Operational Scenario for CSV to HL7 v3 Transformation" l="24" />
    <i t="Operational Scenario for HL7 v2 to HL7 v3 Transformation" l="25" />
  </i>
  <i t="CSV to HL7 v3 Mapping and Transformation" l="26">
    <i t="caAdapter HL7 MTS v4.3 Process Flow" l="27">
      <i t="caAdapter HL7 MTS v4.3 Validation" l="28" />
    </i>
    <i t="Understanding Source Specifications" l="29">
      <i t="CSV Specification" l="30">
        <i t="Business Rules" l="31" />
        <i t="About the CSV Specification Tab" l="32" />
      </i>
      <i t="Creating a New CSV Specification File" l="33" />
      <i t="Opening an Existing CSV Specification File" l="34" />
      <i t="Updating the CSV Specification" l="35" />
      <i t="Validating the CSV Specification" l="36" />
      <i t="Saving a CSV Specification" l="37" />
      <i t="Generating a Report" l="38" />
    </i>
    <i t="Understanding Target Specifications" l="39">
      <i t="HL7 v3 Specification" l="40">
        <i t="Business Rules for the HL7 v3 Specification" l="41" />
        <i t="Defining Inline Text" l="42" />
        <i t="Defining Units of Measure" l="43" />
        <i t="Defining Default Data" l="44" />
        <i t="Defining Object Identifiers (OIDs)" l="45" />
      </i>
      <i t="Overview of the HL7 v3 Specification Tab" l="46" />
      <i t="Working with HL7 v3 Specifications" l="47">
        <i t="Creating an HL7 v3 Specification" l="48" />
        <i t="Opening an Existing HL7 v3 Specification" l="49" />
        <i t="Adding Optional Clones to the HL7 v3 Specification" l="50" />
        <i t="Adding and Removing Multiples in the HL7 v3 Specification" l="51" />
        <i t="Updating Abstract Data Types in the HL7 v3 Specification" l="52" />
        <i t="Using Choice Boxes in the HL7 v3 Specification" l="53" />
        <i t="Enabling and Disabling Force XML with an Optional Clone" l="54" />
        <i t="Adding and Removing Parts of an Address Data Type" l="55" />
        <i t="Validating the HL7 v3 Specification" l="56" />
        <i t="Saving an HL7 v3 Specification" l="57" />
      </i>
      <i t="Defining Custom Data Types" l="58" />
    </i>
    <i t="Understanding Map Specifications" l="59">
      <i t="Map Specification Business Rules" l="60" />
      <i t="Creating Mappings" l="61">
        <i t="Overview of the Map Specification Tab" l="62" />
        <i t="Creating and Opening a Map Specification" l="63" />
        <i t="Creating a Mapping Link" l="64" />
        <i t="Deleting a Mapping Link" l="65" />
        <i t="Using Functions in Map Specifications" l="66">
          <i t="Editing a Constant Function" l="67" />
          <i t="Using the Date Function" l="68" />
          <i t="Using Vocabulary Functions" l="69" />
          <i t="Using nullFlavor Functions" l="70" />
          <i t="Refreshing the Map Specification Tab" l="71" />
        </i>
        <i t="Validating the Map Specification" l="72" />
        <i t="Saving a Map Specification" l="73" />
        <i t="Generating a Map Specification Report" l="74" />
      </i>
    </i>
    <i t="Understanding HL7 v3 Messages" l="75">
      <i t="HL7 v3 Message Business Rules" l="76" />
      <i t="Generating HL7 v3 Messages" l="77">
        <i t="About the HL7 v3 Message Tab" l="78" />
        <i t="Starting the Conversion Process" l="79" />
        <i t="Using the HL7 v3 Messages Tab" l="80" />
        <i t="Saving an HL7 v3 Message" l="81" />
      </i>
    </i>
    <i t="Transforming an HL7 v3 Message to CSV Format" l="82">
      <i t="HL7 v3 to CSV Transformation Business Rules" l="83" />
      <i t="Transforming HL7 v3 Messages to CSV Format" l="84">
        <i t="Reusing the HL7 v3 Message Tab" l="85" />
        <i t="Starting the Conversion Process" l="86" />
        <i t="Saving the CSV Data File" l="87" />
      </i>
    </i>
  </i>
  <i t="Converting HL7 v2 to HL7 v3 Messages" l="88">
    <i t="Methods for Converting HL7 v2 Messages" l="89" />
    <i t="Understanding Mapping and Transformation" l="90">
      <i t="Step 1: Generating the H3S File" l="91" />
      <i t="Step 2: Creating the .map file" l="92" />
      <i t="Step 3: Transforming a Message from v2 to v3" l="93" />
      <i t="Using the API for HL7 v2 to HL7 v3 Transformation" l="94" />
    </i>
  </i>
  <i t="Using Functions in Mapping" l="95">
    <i t="Functions Provided by caAdapter HL7 MTS v4.3" l="96" />
    <i t="Function Specifications" l="97">
      <i t="Function Specification Overview" l="98" />
      <i t="Vocabulary Mapping Specification Overview" l="99" />
    </i>
  </i>
  <i t="Using the caAdapter HL7 MTS v4.3 APIs" l="100">
    <i t="caAdapter HL7 MTS v4.3 Directory Structure" l="101" />
    <i t="caAdapter HL7 MTS v4.3 API Modules" l="102">
      <i t="Metadata Loader" l="103" />
      <i t="Transformation Service" l="104" />
      <i t="Vocabulary and MIF Schema Validation" l="105" />
    </i>
    <i t="caAdapter HL7 MTS v4.3 API Error Logs" l="106" />
  </i>
  <i t="caAdapter HL7 MTS v4.3 Web Services Transformation Module" l="107">
    <i t="Introduction to caAdapter HL7 MTS v4.3 Web Service Module" l="108" />
    <i t="Setting Up Mapping Scenarios Through the Web Portal" l="109" />
    <i t="Programmatic Access to the caAdapter HL7 MTS v4.3 Web Services" l="110">
      <i t="Axis 1.x RPC Style Access to caAdapter HL7 MTS v4.3 Web Services" l="111" />
      <i t="Axis 1.x DII Style Access to caAdapter HL7 MTS v4.3 Web Services" l="112" />
      <i t="Axis 2.0 RPC Style Access to caAdapter HL7 MTS v4.3 Web Services" l="113" />
    </i>
  </i>
  <i t="caAdapter HL7 MTS v4.3 File Types" l="114">
    <i t="caAdapter HL7 MTS v4.3 File Formats and Locations" l="115" />
    <i t="CSV Data File" l="116" />
    <i t="CSV Specification" l="117" />
    <i t="HL7 v3 Specification" l="118" />
    <i t="HL7 v3 Message" l="119" />
    <i t="CSV to HL7 v3 Map Specification" l="120" />
  </i>
  <i t="caAdapter HL7 MTS v4.3 Glossary" l="121" />
  <i t="caAdapter HL7 MTS v4.3 Example Data" l="122" />
  <i t="References" l="123">
    <i t="Articles" l="124" />
    <i t="caBIG Material" l="125" />
    <i t="caCORE Material" l="126" />
    <i t="HL7 Concepts and Material" l="127" />
    <i t="Software Products" l="128" />
  </i>
</WebWorksHelpTOC>