<?xml version="1.0" encoding="UTF-8"?>
 <root>
  <usersecurityObjectmapping>
	<objectid>1</objectid>
	<securitymapid>1</securitymapid>
	<userid>testUser</userid>
	<permissions>
		<create>true</create>
		<modify>true</modify>
		<delete>true</delete>
		<read>true</read>
	</permissions>
	<userdatestamp>
		<createdate>2008-10-28</createdate>
		<updatedate>2008-10-28</updatedate>
		<createdby>testUser</createdby>
		<updatedby>testUser</updatedby>
    </userdatestamp>
  </usersecurityObjectmapping>
</root>