<?xml version="1.0" encoding="utf-8"?>
<WebWorksHelpBook version="5.0" name="caAdapter GME Online Help" context="caAdapter_GME_Online_Help" locale="en" xmlns="urn:WebWorks-Help-Book-Files-Schema">
  <CommonWordsToSkip minlen="3">
    a about after all also am an and another any are as at
    be because been before being between both but by
    came can come copyright corp corporation could
    did do does
    each etc
    for from
    get goes got
    had has have he her here him himself his how
    if in inc into is it its
    let like
    make many me might more most much must my
    never nor not now
    of off on one only or other our out over own
    reserved rights
    said same see set shall she should since so some still such
    take than that the their them then there these they this those though through to too
    under us use
    very
    was way we well were what when where which while who why will with would
    yes yet you your
   </CommonWordsToSkip>
  <ScoringPrefs>
    <meta name="keywords" weight="100" />
    <meta name="description" weight="50" />
    <meta name="summary" weight="50" />
    <title weight="20" />
    <h1 weight="15" />
    <h2 weight="10" />
    <caption weight="10" />
    <h3 weight="7" />
    <th weight="5" />
    <h4 weight="5" />
    <h5 weight="4" />
    <h6 weight="3" />
    <h7 weight="2" />
  </ScoringPrefs>
  <DocumentInfo>
    <Document title="Welcome to caAdapter Online Help" href="caAdapter%20GME%20Welcome.1.1.html" />
    <Document title="Using caAdapter Online Help" href="caAdapter%20GME%20Welcome.1.2.html" />
    <Document title="Using the GME Module" href="caAdapter%20GME%204.2%20Using%20the%20GME%20Module.2.1.html" />
    <Document title="Introduction to caAdapter" href="caAdapter%20GME%204.2%20Using%20the%20GME%20Module.2.2.html" />
    <Document title="Create an XSD Meta to XMI Model Mapping File" href="caAdapter%20GME%204.2%20Using%20the%20GME%20Module.2.3.html" />
    <Document title="Mapping Rules" href="caAdapter%20GME%204.2%20Using%20the%20GME%20Module.2.4.html" />
    <Document title="caAdapter GME Glossary" href="caAdapter%20GME%204.2%20Glossary.3.1.html" />
  </DocumentInfo>
  <TopicMap>
    <Topic name="Welcome" href="caAdapter%20GME%20Welcome.1.1.html#1064689" />
  </TopicMap>
</WebWorksHelpBook>