<?xml version="1.0" encoding="UTF-8"?>
<ADT_A03 xmlns="urn:hl7-org:v2xml" xmlns:jaxb="http://java.sun.com/xml/ns/jaxb" xmlns:n1="urn:com.sun:encoder" xmlns:hl7="urn:com.sun:encoder-hl7-1.0" xmlns:xsi="http://www.w3.org/2001/XMLSchema-instance" xsi:schemaLocation="urn:hl7-org:v2xml
./hl7v2xsd/2.4/ADT_A03.xsd">
	<!-- ADT_A03 xmlns="urn:hl7-org:v2xml" xmlns:xsi="http://www.w3.org/2001/XMLSchema-instance"
         xsi:schemaLocation="urn:hl7-org:v2xml C:\project\subversion\software\cmts\workingspace\hl7v2\hl7v2xsd\2.4\ADT_A03.xsd" -->
	<MSH>
		<MSH.1>|</MSH.1>
		<MSH.2>^~\&amp;</MSH.2>
		<MSH.3>
			<HD.1>KNU_DSMC</HD.1>
		</MSH.3>
		<MSH.4>
			<HD.1>MISC</HD.1>
			<HD.2>Medical Information Sharing Center</HD.2>
		</MSH.4>
		<MSH.5>
			<HD.1>KNUMC</HD.1>
		</MSH.5>
		<MSH.6>
			<HD.1>KNUMC</HD.1>
			<HD.2>Kyungpook University Medical Center</HD.2>
		</MSH.6>
		<MSH.7>
			<TS.1>20030809153902</TS.1>
		</MSH.7>
		<MSH.9>
			<MSG.1>ADT</MSG.1>
			<MSG.2>A03</MSG.2>
			<MSG.3>ADT_A03</MSG.3>
		</MSH.9>
		<MSH.10>KNU_DSMS20030303194529ADT_AO3-11122211</MSH.10>
		<MSH.11>
			<PT.1>P</PT.1>
			<PT.2>A</PT.2>
		</MSH.11>
		<MSH.12>
			<VID.1>2.4</VID.1>
		</MSH.12>
		<MSH.17>KOR</MSH.17>
		<MSH.18>8859/1</MSH.18>
		<MSH.19>
			<CE.2>KOREAN</CE.2>
		</MSH.19>
	</MSH>
	<EVN>
		<EVN.2>
			<TS.1>20030809153902</TS.1>
		</EVN.2>
		<EVN.4>03</EVN.4>
	</EVN>
	<PID>
		<PID.1>1</PID.1>
		<PID.3>
			<CX.1>11122211</CX.1>
			<CX.4>
				<HD.1>KNUMC</HD.1>
				<HD.2>2.16.840.1.113883.13.13432</HD.2>
				<HD.3>UUID</HD.3>
			</CX.4>
		</PID.3>
		<PID.5>
			<XPN.1>
				<FN.1>Han</FN.1>
			</XPN.1>
			<XPN.2>Deli</XPN.2>
			<XPN.3>Spice</XPN.3>
		</PID.5>
		<PID.7>
			<TS.1>19790501</TS.1>
		</PID.7>
		<PID.8>F</PID.8>
		<PID.9>
			<XPN.1>
				<FN.1>Deli</FN.1>
			</XPN.1>
		</PID.9>
		<PID.11>
			<XAD.1>
				<SAD.1>12-4B Ackme St.</SAD.1>
			</XAD.1>
			<XAD.3>Telson</XAD.3>
			<XAD.4>MD</XAD.4>
			<XAD.5>20855</XAD.5>
			<XAD.6>USA</XAD.6>
		</PID.11>
		<PID.13>
			<XTN.1>240-123-1234</XTN.1>
		</PID.13>
		<PID.16>
			<CE.1>S</CE.1>
			<CE.2>Single</CE.2>
			<CE.3>HL70002</CE.3>
		</PID.16>
		<PID.17>
			<CE.1>CAT</CE.1>
			<CE.2>Catholic</CE.2>
			<CE.3>HL70006</CE.3>
		</PID.17>
		<PID.19>442-32-4563</PID.19>
	</PID>
	<PV1>
		<PV1.1>1</PV1.1>
		<PV1.2>I</PV1.2>
		<PV1.3>
			<PL.1>534</PL.1>
			<PL.2>5341</PL.2>
			<PL.3>2</PL.3>
		</PV1.3>
		<PV1.4>E</PV1.4>
		<PV1.7>
			<XCN.1>34534</XCN.1>
			<XCN.2>
				<FN.1>Kate</FN.1>
				<FN.2>Van</FN.2>
			</XCN.2>
			<XCN.6>Dr.</XCN.6>
			<XCN.14>
				<HD.2>General Surgery</HD.2>
			</XCN.14>
		</PV1.7>
		<PV1.10>SUR</PV1.10>
		<PV1.15>A0</PV1.15>
		<PV1.15>A4</PV1.15>
		<PV1.15>B3</PV1.15>
		<PV1.15>B4</PV1.15>
		<PV1.20>
			<FC.1>G2</FC.1>
		</PV1.20>
		<PV1.36>08</PV1.36>
		<PV1.44>
			<TS.1>20030210</TS.1>
		</PV1.44>
		<PV1.45>
			<TS.1>20030220</TS.1>
		</PV1.45>
	</PV1>
	<DG1>
		<DG1.1>1</DG1.1>
		<DG1.3>
			<CE.1>M12.3</CE.1>
			<CE.2>Palindromic rheumatism</CE.2>
			<CE.3>I10</CE.3>
		</DG1.3>
		<DG1.5>
			<TS.1>20030215</TS.1>
		</DG1.5>
		<DG1.6>F</DG1.6>
		<DG1.15>1</DG1.15>
		<DG1.16>
			<XCN.1>32334</XCN.1>
			<XCN.2>
				<FN.1>Cho</FN.1>
			</XCN.2>
			<XCN.6>Dr.</XCN.6>
			<XCN.14>
				<HD.2>General Surgery</HD.2>
			</XCN.14>
		</DG1.16>
	</DG1>
	<DG1>
		<DG1.1>2</DG1.1>
		<DG1.3>
			<CE.1>H20.2</CE.1>
			<CE.2>Lens-induced iridocyclitis</CE.2>
			<CE.3>I10</CE.3>
		</DG1.3>
		<DG1.5>
			<TS.1>20030215</TS.1>
		</DG1.5>
		<DG1.6>F</DG1.6>
		<DG1.15>2</DG1.15>
		<DG1.16>
			<XCN.1>32334</XCN.1>
			<XCN.2>
				<FN.1>Cho</FN.1>
			</XCN.2>
			<XCN.6>Dr.</XCN.6>
			<XCN.14>
				<HD.2>General Surgery</HD.2>
			</XCN.14>
		</DG1.16>
	</DG1>
	<DG1>
		<DG1.1>3</DG1.1>
		<DG1.3>
			<CE.1>J45.1</CE.1>
			<CE.2>Nonallergic asthma</CE.2>
			<CE.3>I10</CE.3>
		</DG1.3>
		<DG1.5>
			<TS.1>20030215</TS.1>
		</DG1.5>
		<DG1.6>F</DG1.6>
		<DG1.15>3</DG1.15>
		<DG1.16>
			<XCN.1>32334</XCN.1>
			<XCN.2>
				<FN.1>Cho</FN.1>
			</XCN.2>
			<XCN.6>Dr.</XCN.6>
			<XCN.14>
				<HD.2>General Surgery</HD.2>
			</XCN.14>
		</DG1.16>
	</DG1>
	<ADT_A03.PROCEDURE>
		<PR1>
			<PR1.1>1</PR1.1>
			<PR1.3>
				<CE.1>12.3</CE.1>
				<CE.2>Iridoplasty and coreoplasty</CE.2>
				<CE.3>I9C</CE.3>
			</PR1.3>
			<PR1.5>
				<TS.1>20030214</TS.1>
			</PR1.5>
			<PR1.6>D</PR1.6>
			<PR1.15>
				<CE.1>J45.1</CE.1>
				<CE.2>Nonallergic asthma</CE.2>
				<CE.3>I10</CE.3>
			</PR1.15>
		</PR1>
	</ADT_A03.PROCEDURE>
	<ADT_A03.PROCEDURE>
		<PR1>
			<PR1.1>2</PR1.1>
			<PR1.3>
				<CE.1>43.1</CE.1>
				<CE.2>Gastrostomy</CE.2>
				<CE.3>I9C</CE.3>
			</PR1.3>
			<PR1.5>
				<TS.1>20030215</TS.1>
			</PR1.5>
			<PR1.6>D</PR1.6>
			<PR1.12>
				<XCN.1>135764</XCN.1>
				<XCN.2>
					<FN.1>Dr. Tomy</FN.1>
				</XCN.2>
			</PR1.12>
			<PR1.15>
				<CE.1>H20.2</CE.1>
				<CE.2>Lens-induced iridocyclitis</CE.2>
				<CE.3>I10</CE.3>
			</PR1.15>
			<!-- <fld19>Just a Comment</fld19> -->
		</PR1>
	</ADT_A03.PROCEDURE>
	<ADT_A03.PROCEDURE>
		<PR1>
			<PR1.1>3</PR1.1>
			<PR1.3>
				<CE.1>35.41</CE.1>
				<CE.2>Enlargement of existing atrial septal defect</CE.2>
				<CE.3>I9C</CE.3>
			</PR1.3>
			<PR1.5>
				<TS.1>20030219</TS.1>
			</PR1.5>
			<PR1.6>D</PR1.6>
			<PR1.12>
				<XCN.1>135764</XCN.1>
				<XCN.2>
					<FN.1>Dr. Tomy</FN.1>
				</XCN.2>
			</PR1.12>
			<PR1.15>
				<CE.1>H20.2</CE.1>
				<CE.2>Lens-induced iridocyclitis</CE.2>
				<CE.3>I10</CE.3>
			</PR1.15>
			<!-- <fld19>additional comment</fld19> -->
		</PR1>
	</ADT_A03.PROCEDURE>
</ADT_A03>
