<?xml version="1.0" encoding="utf-8"?>
<Behaviors version="1.0" xmlns="urn:WebWorks-Behaviors-Schema">
  <Split id="1064689" documentposition="1">
    <Paragraph id="1064689" documentposition="1" splitpriority="1">
      <Marker behavior="topic" id="1065874">
        <Marker id="1065874" name="TopicAlias" xmlns="urn:WebWorks-Document-Schema">
          <TextRun id="tr1065874-1">
            <Text value="Welcome" />
          </TextRun>
        </Marker>
      </Marker>
    </Paragraph>
    <Paragraph id="1065876" documentposition="2" splitpriority="none" />
    <Paragraph id="1064707" documentposition="3" splitpriority="none" />
    <Paragraph id="1066078" documentposition="4" splitpriority="none" />
    <Paragraph id="1066140" documentposition="5" splitpriority="none" />
    <Paragraph id="1066163" documentposition="6" splitpriority="none" />
    <Paragraph id="1065885" documentposition="7" splitpriority="none" />
  </Split>
  <Split id="1065936" documentposition="8">
    <Paragraph id="1065936" documentposition="8" splitpriority="2" />
    <Paragraph id="1066215" documentposition="9" splitpriority="none" />
    <Paragraph id="1066223" documentposition="10" splitpriority="none" />
    <Table id="1066224" documentposition="11" splitpriority="none">
      <TableCell>
        <Paragraph id="1066226" />
      </TableCell>
      <TableCell>
        <Paragraph id="1066228" />
      </TableCell>
      <TableCell>
        <Paragraph id="1066233">
          <Frame id="1066231">
            <Paragraph id="" />
          </Frame>
        </Paragraph>
      </TableCell>
      <TableCell>
        <Paragraph id="1066235" />
      </TableCell>
      <TableCell>
        <Paragraph id="1066240">
          <Frame id="1066238">
            <Paragraph id="" />
          </Frame>
        </Paragraph>
      </TableCell>
      <TableCell>
        <Paragraph id="1066243" />
      </TableCell>
      <TableCell>
        <Paragraph id="1066248">
          <Frame id="1066246">
            <Paragraph id="" />
          </Frame>
        </Paragraph>
      </TableCell>
      <TableCell>
        <Paragraph id="1066250" />
      </TableCell>
      <TableCell>
        <Paragraph id="1066252" />
      </TableCell>
      <TableCell>
        <Paragraph id="1066254" />
        <Paragraph id="1066255" />
      </TableCell>
      <TableCell>
        <Paragraph id="1066257" />
      </TableCell>
      <TableCell>
        <Paragraph id="1066259" />
      </TableCell>
      <TableCell>
        <Paragraph id="1066261" />
      </TableCell>
      <TableCell>
        <Paragraph id="1066263" />
      </TableCell>
      <TableCell>
        <Paragraph id="1066265" />
      </TableCell>
      <TableCell>
        <Paragraph id="1066267" />
      </TableCell>
      <TableCell>
        <Paragraph id="1066269" />
      </TableCell>
      <TableCell>
        <Paragraph id="1066271" />
      </TableCell>
    </Table>
    <Paragraph id="1066298" documentposition="12" splitpriority="none" />
    <Table id="1066276" documentposition="13" splitpriority="none">
      <TableCell>
        <Paragraph id="1066281">
          <Frame id="1066279">
            <Paragraph id="" />
          </Frame>
        </Paragraph>
      </TableCell>
      <TableCell>
        <Paragraph id="1066283" />
      </TableCell>
      <TableCell>
        <Paragraph id="1066288">
          <Frame id="1066286">
            <Paragraph id="" />
          </Frame>
        </Paragraph>
      </TableCell>
      <TableCell>
        <Paragraph id="1066290" />
      </TableCell>
      <TableCell>
        <Paragraph id="1066295">
          <Frame id="1066293">
            <Paragraph id="" />
          </Frame>
        </Paragraph>
      </TableCell>
      <TableCell>
        <Paragraph id="1066297" />
      </TableCell>
    </Table>
    <Paragraph id="1060432" documentposition="14" splitpriority="none" />
  </Split>
</Behaviors>