<?xml version="1.0" encoding="utf-8"?>
<Splits version="1.0" xmlns="urn:WebWorks-Engine-Splits-Schema">
  <Split groupID="226E3152E1876F11" documentID="D2549CCF4B2B146" id="1064689" position="1" documentstartposition="1" documentendposition="7" title=" Welcome to caAdapter MMS Online Help">
    <Group name="caAdapter MMS Online Help" id="226E3152E1876F11" position="1" />
    <Document path="C:\Documents and Settings\Carolyn\My Documents\CKK_Consulting\Lockheed Martin MSD\caAdapter\MMS\4.1.1\User Guide\WelcometocaAdapterOnlineHelp.fm" id="D2549CCF4B2B146" position="1" />
    <PageStyle value="" />
    <Frames />
    <Popups />
  </Split>
  <Split groupID="226E3152E1876F11" documentID="D2549CCF4B2B146" id="1065936" position="2" documentstartposition="8" documentendposition="14" title="Using caAdapter MMS Online Help">
    <Group name="caAdapter MMS Online Help" id="226E3152E1876F11" position="1" />
    <Document path="C:\Documents and Settings\Carolyn\My Documents\CKK_Consulting\Lockheed Martin MSD\caAdapter\MMS\4.1.1\User Guide\WelcometocaAdapterOnlineHelp.fm" id="D2549CCF4B2B146" position="1" />
    <PageStyle value="" />
    <Frames>
      <Frame position="1" title="An icon with revolving arrows. When you click it in the online help, the topic you are currently viewing is highlighted in the online help table of contents. ">
        <Frame id="1066231" stylename="Default" xmlns="urn:WebWorks-Document-Schema">
          <Attribute name="display" value="inline" />
          <Attribute name="float" value="none" />
          <Attribute name="text-align" value="left" />
          <Attribute name="left" value="0.0" />
          <Attribute name="top" value="0.0" />
          <Attribute name="width" value="17.56008" />
          <Attribute name="height" value="16.50024" />
          <Description>
            <Paragraph>
              <TextRun>
                <Text value="An icon with revolving arrows. When you click it in the online help, the topic you are currently viewing is highlighted in the online help table of contents. " />
              </TextRun>
            </Paragraph>
          </Description>
          <Facets>
            <Facet type="document">
              <Attribute name="adapter" value="Adobe FrameMaker" />
              <Attribute name="path" value="C:\Documents and Settings\Carolyn\My Documents\CKK_Consulting\Lockheed Martin MSD\caAdapter\MMS\4.1.1\OnlineHelp\caAdapter MMS Online Help\Data\61DD7DDB65736B3\226E3152E1876F11\D2549CCF4B2B146\WelcometocaAdapterOnlineHelp.fmwif" />
              <Attribute name="id" value="1066231" />
            </Facet>
          </Facets>
          <Content />
        </Frame>
      </Frame>
      <Frame position="2" title="An icon in the online help toolbar. When clicked, you print the current online help topic to your default printer.">
        <Frame id="1066238" stylename="Default" xmlns="urn:WebWorks-Document-Schema">
          <Attribute name="display" value="inline" />
          <Attribute name="float" value="none" />
          <Attribute name="text-align" value="left" />
          <Attribute name="left" value="0.0" />
          <Attribute name="top" value="0.0" />
          <Attribute name="width" value="16.51176" />
          <Attribute name="height" value="14.97024" />
          <Description>
            <Paragraph>
              <TextRun>
                <Text value="An icon in the online help toolbar. When clicked, you print the current online help topic to your default printer." />
              </TextRun>
            </Paragraph>
          </Description>
          <Facets>
            <Facet type="document">
              <Attribute name="adapter" value="Adobe FrameMaker" />
              <Attribute name="path" value="C:\Documents and Settings\Carolyn\My Documents\CKK_Consulting\Lockheed Martin MSD\caAdapter\MMS\4.1.1\OnlineHelp\caAdapter MMS Online Help\Data\61DD7DDB65736B3\226E3152E1876F11\D2549CCF4B2B146\WelcometocaAdapterOnlineHelp.fmwif" />
              <Attribute name="id" value="1066238" />
            </Facet>
          </Facets>
          <Content />
        </Frame>
      </Frame>
      <Frame position="3" title="An icon in the online help toolbar. When clicked, it displays topics related to the one you are currently viewing.">
        <Frame id="1066246" stylename="Default" xmlns="urn:WebWorks-Document-Schema">
          <Attribute name="display" value="inline" />
          <Attribute name="float" value="none" />
          <Attribute name="text-align" value="left" />
          <Attribute name="left" value="0.0" />
          <Attribute name="top" value="0.0" />
          <Attribute name="width" value="17.982" />
          <Attribute name="height" value="18.8748" />
          <Description>
            <Paragraph>
              <TextRun>
                <Text value="An icon in the online help toolbar. When clicked, it displays topics related to the one you are currently viewing." />
              </TextRun>
            </Paragraph>
          </Description>
          <Facets>
            <Facet type="document">
              <Attribute name="adapter" value="Adobe FrameMaker" />
              <Attribute name="path" value="C:\Documents and Settings\Carolyn\My Documents\CKK_Consulting\Lockheed Martin MSD\caAdapter\MMS\4.1.1\OnlineHelp\caAdapter MMS Online Help\Data\61DD7DDB65736B3\226E3152E1876F11\D2549CCF4B2B146\WelcometocaAdapterOnlineHelp.fmwif" />
              <Attribute name="id" value="1066246" />
            </Facet>
          </Facets>
          <Content />
        </Frame>
      </Frame>
      <Frame position="4" title="An icon of a blue circle with a white lowercase i that indicates useful information in the guide.">
        <Frame id="1066279" stylename="Default" xmlns="urn:WebWorks-Document-Schema">
          <Attribute name="display" value="inline" />
          <Attribute name="float" value="none" />
          <Attribute name="text-align" value="left" />
          <Attribute name="left" value="0.0" />
          <Attribute name="top" value="0.0" />
          <Attribute name="width" value="15.92424" />
          <Attribute name="height" value="15.42384" />
          <Description>
            <Paragraph>
              <TextRun>
                <Text value="An icon of a blue circle with a white lowercase i that indicates useful information in the guide." />
              </TextRun>
            </Paragraph>
          </Description>
          <Facets>
            <Facet type="document">
              <Attribute name="adapter" value="Adobe FrameMaker" />
              <Attribute name="path" value="C:\Documents and Settings\Carolyn\My Documents\CKK_Consulting\Lockheed Martin MSD\caAdapter\MMS\4.1.1\OnlineHelp\caAdapter MMS Online Help\Data\61DD7DDB65736B3\226E3152E1876F11\D2549CCF4B2B146\WelcometocaAdapterOnlineHelp.fmwif" />
              <Attribute name="id" value="1066279" />
            </Facet>
          </Facets>
          <Content />
        </Frame>
      </Frame>
      <Frame position="5" title="An icon of a lightbulb that indicates practical advice or additional points relating to the text you just read.">
        <Frame id="1066286" stylename="Default" xmlns="urn:WebWorks-Document-Schema">
          <Attribute name="display" value="inline" />
          <Attribute name="float" value="none" />
          <Attribute name="text-align" value="left" />
          <Attribute name="left" value="0.0" />
          <Attribute name="top" value="0.0" />
          <Attribute name="width" value="16.416" />
          <Attribute name="height" value="16.41168" />
          <Description>
            <Paragraph>
              <TextRun>
                <Text value="An icon of a lightbulb that indicates practical advice or additional points relating to the text you just read." />
              </TextRun>
            </Paragraph>
          </Description>
          <Facets>
            <Facet type="document">
              <Attribute name="adapter" value="Adobe FrameMaker" />
              <Attribute name="path" value="C:\Documents and Settings\Carolyn\My Documents\CKK_Consulting\Lockheed Martin MSD\caAdapter\MMS\4.1.1\OnlineHelp\caAdapter MMS Online Help\Data\61DD7DDB65736B3\226E3152E1876F11\D2549CCF4B2B146\WelcometocaAdapterOnlineHelp.fmwif" />
              <Attribute name="id" value="1066286" />
            </Facet>
          </Facets>
          <Content />
        </Frame>
      </Frame>
      <Frame position="6" title="An icon of a yellow triangle containing a black exclamation point that alerts you to critcal steps to take or advice to follow in the guide.">
        <Frame id="1066293" stylename="Default" xmlns="urn:WebWorks-Document-Schema">
          <Attribute name="display" value="inline" />
          <Attribute name="float" value="none" />
          <Attribute name="text-align" value="left" />
          <Attribute name="left" value="0.0" />
          <Attribute name="top" value="0.0" />
          <Attribute name="width" value="15.92424" />
          <Attribute name="height" value="15.92424" />
          <Description>
            <Paragraph>
              <TextRun>
                <Text value="An icon of a yellow triangle containing a black exclamation point that alerts you to critcal steps to take or advice to follow in the guide." />
              </TextRun>
            </Paragraph>
          </Description>
          <Facets>
            <Facet type="document">
              <Attribute name="adapter" value="Adobe FrameMaker" />
              <Attribute name="path" value="C:\Documents and Settings\Carolyn\My Documents\CKK_Consulting\Lockheed Martin MSD\caAdapter\MMS\4.1.1\OnlineHelp\caAdapter MMS Online Help\Data\61DD7DDB65736B3\226E3152E1876F11\D2549CCF4B2B146\WelcometocaAdapterOnlineHelp.fmwif" />
              <Attribute name="id" value="1066293" />
            </Facet>
          </Facets>
          <Content />
        </Frame>
      </Frame>
    </Frames>
    <Popups />
  </Split>
</Splits>