<?xml version="1.0" encoding="UTF-8"?>
<Patient xmlns="urn:hl7-org:v3" xmlns:xsi="http://www.w3.org/2001/XMLSchema-instance" classCode="PAT">
    <id root="2.16.840.1.113883.3.26.345" assigningAuthorityName="NCI" extension="78127-401"/>
    <statusCode code="canceled"/>
    <patientPerson classCode="PSN" determinerCode="INSTANCE">
        <id root="2.16.840.1.113883.3.26.359" assigningAuthorityName="NCI" extension="77367-722"/>
        <name use="L">
            <given>Telson</given>
            <family>Nolan</family>
        </name>
        <administrativeGenderCode code="F" codeSystemName="AdministrativeGender" codeSystem="2.16.840.1.113883.5.1" displayName="Female"/>
        <birthTime value="20100209121833"/>
        <birthPlace classCode="BIRTHPL">
            <addr>
                <state>MD</state>
                <streetName>Durham St.</streetName>
                <city>Rockville</city>
                <streetAddressLine>96696</streetAddressLine>
            </addr>
            <subjectOf typeCode="SBJ">
                <position classCode="POS" moodCode="EVN">
                    <id root="2.16.840.1.113883.3.26.756" assigningAuthorityName="NCI" extension="49579-417"/>
                    <code code="NoData" codeSystemName="PositionObservationCode" codeSystem="2.16.840.1.113883.19.99999" displayName="Domain not found"/>
                    <text representation="TXT" mediaType="text/plain" integrityCheckAlgorithm="SHA-1">This is a sample text for test data generating...</text>
                    <effectiveTime operator="I" value="20100209121834"/>
                    <activityTime operator="I" value="20100209121834"/>
                    <value>This is Sample text for test 346</value>
                </position>
            </subjectOf>
        </birthPlace>
    </patientPerson>
    <providerOrganization classCode="ORG" determinerCode="INSTANCE">
        <id root="2.16.840.1.113883.3.26.667" assigningAuthorityName="NCI" extension="49495-468"/>
        <code code="PACKT" codeSystemName="EntityCode" codeSystem="2.16.840.1.113883.5.1060" displayName="Packet"/>
        <name use="L">Time Def Ltd. Co.</name>
        <contactParty classCode="CON">
            <id root="2.16.840.1.113883.3.26.744" assigningAuthorityName="NCI" extension="17652-001"/>
            <code code="ERROR" codeSystemName="ERROR" codeSystem="ERROR" displayName="ERROR"/>
            <addr>
                <state>MD</state>
                <county>Montgomery</county>
                <streetName>Durham St.</streetName>
                <city>Rockville</city>
                <postalCode>23456</postalCode>
                <streetAddressLine>95288</streetAddressLine>
            </addr>
            <telecom use="HP" value="tel:1-925-568-3373"/>
            <contactPerson classCode="PSN" determinerCode="INSTANCE">
                <name use="L">Gordon P. Saxton</name>
            </contactPerson>
        </contactParty>
        <contactParty classCode="CON">
            <id root="2.16.840.1.113883.3.26.744" assigningAuthorityName="NCI" extension="17652-002"/>
            <code code="ERROR" codeSystemName="ERROR" codeSystem="ERROR" displayName="ERROR"/>
            <addr>
                <state>MD</state>
                <streetName>Durham St.</streetName>
                <city>Rockville</city>
                <postalCode>24680</postalCode>
                <streetAddressLine>95288</streetAddressLine>
            </addr>
            <telecom use="HP" value="tel:1-925-568-3373"/>
            <contactPerson classCode="PSN" determinerCode="INSTANCE">
                <name use="L">Gordon P. Saxton</name>
            </contactPerson>
        </contactParty>
        <contactParty classCode="CON">
            <id root="2.16.840.1.113883.3.26.744" assigningAuthorityName="NCI" extension="17652-003"/>
            <code code="ERROR" codeSystemName="ERROR" codeSystem="ERROR" displayName="ERROR"/>
            <addr>
                <state>MD</state>
                <county>Montgomery</county>
                <streetName>Durham St.</streetName>
                <city>Rockville</city>
                <postalCode>23456</postalCode>
                <streetAddressLine>95288</streetAddressLine>
            </addr>
            <telecom use="HP" value="tel:1-925-568-3373"/>
            <contactPerson classCode="PSN" determinerCode="INSTANCE">
                <name use="L">Gordon P. Saxton</name>
            </contactPerson>
        </contactParty>
    </providerOrganization>
</Patient>