<?xml version="1.0" encoding="utf-8"?>
<Behaviors version="1.0" xmlns="urn:WebWorks-Behaviors-Schema">
  <Paragraph id="1070912" documentposition="3" splitpriority="1" dropdown="continue" popup="none" popup-page-rule="" />
  <Paragraph id="1071158" documentposition="4" splitpriority="none" dropdown="continue" popup="none" popup-page-rule="" />
  <Paragraph id="1116147" documentposition="5" splitpriority="none" dropdown="continue" popup="none" popup-page-rule="" />
  <Paragraph id="1146434" documentposition="6" splitpriority="none" dropdown="continue" popup="none" popup-page-rule="" />
  <Paragraph id="1137077" documentposition="7" splitpriority="none" dropdown="continue" popup="none" popup-page-rule="" />
  <Paragraph id="1071340" documentposition="8" splitpriority="none" dropdown="continue" popup="none" popup-page-rule="" />
  <Paragraph id="1105067" documentposition="9" splitpriority="none" dropdown="continue" popup="none" popup-page-rule="" />
  <Paragraph id="1105068" documentposition="10" splitpriority="none" dropdown="continue" popup="none" popup-page-rule="" />
  <Paragraph id="1163740" documentposition="11" splitpriority="none" dropdown="continue" popup="none" popup-page-rule="" />
  <Paragraph id="1163760" documentposition="12" splitpriority="none" dropdown="continue" popup="none" popup-page-rule="" />
  <Paragraph id="1163781" documentposition="13" splitpriority="none" dropdown="continue" popup="none" popup-page-rule="" />
  <Paragraph id="1163794" documentposition="14" splitpriority="none" dropdown="continue" popup="none" popup-page-rule="" />
  <Paragraph id="1105036" documentposition="15" splitpriority="2" dropdown="continue" popup="none" popup-page-rule="" />
  <Paragraph id="1105073" documentposition="16" splitpriority="none" dropdown="continue" popup="none" popup-page-rule="" />
  <Paragraph id="1129019" documentposition="17" splitpriority="2" dropdown="continue" popup="none" popup-page-rule="" />
  <Paragraph id="1129020" documentposition="18" splitpriority="none" dropdown="continue" popup="none" popup-page-rule="" />
  <Paragraph id="1152894" documentposition="19" splitpriority="none" dropdown="continue" popup="none" popup-page-rule="" />
  <Paragraph id="1129021" documentposition="20" splitpriority="none" dropdown="continue" popup="none" popup-page-rule="" />
  <Paragraph id="1105083" documentposition="21" splitpriority="2" dropdown="continue" popup="none" popup-page-rule="" />
  <Paragraph id="1105096" documentposition="22" splitpriority="none" dropdown="continue" popup="none" popup-page-rule="" />
  <Paragraph id="1105098" documentposition="23" splitpriority="none" dropdown="continue" popup="none" popup-page-rule="" />
  <Paragraph id="1105100" documentposition="24" splitpriority="none" dropdown="continue" popup="none" popup-page-rule="" />
  <Paragraph id="1105102" documentposition="25" splitpriority="none" dropdown="continue" popup="none" popup-page-rule="" />
  <Paragraph id="1105104" documentposition="26" splitpriority="none" dropdown="continue" popup="none" popup-page-rule="" />
  <Paragraph id="1105106" documentposition="27" splitpriority="none" dropdown="continue" popup="none" popup-page-rule="" />
  <Paragraph id="1153097" documentposition="28" splitpriority="none" dropdown="continue" popup="none" popup-page-rule="" />
  <Paragraph id="1153098" documentposition="29" splitpriority="none" dropdown="continue" popup="none" popup-page-rule="" />
  <Paragraph id="1105144" documentposition="30" splitpriority="none" dropdown="continue" popup="none" popup-page-rule="" />
  <Paragraph id="1105166" documentposition="31" splitpriority="none" dropdown="continue" popup="none" popup-page-rule="" />
  <Paragraph id="1138971" documentposition="32" splitpriority="none" dropdown="continue" popup="none" popup-page-rule="">
    <Frame id="1105176">
      <Paragraph id="" dropdown="continue" popup="none" popup-page-rule="" />
      <Frame id="1138592" />
    </Frame>
  </Paragraph>
  <Paragraph id="1105094" documentposition="34" splitpriority="3" dropdown="continue" popup="none" popup-page-rule="" />
  <Paragraph id="1105249" documentposition="35" splitpriority="none" dropdown="continue" popup="none" popup-page-rule="" />
  <Paragraph id="1105268" documentposition="36" splitpriority="none" dropdown="continue" popup="none" popup-page-rule="" />
  <Paragraph id="1105275" documentposition="37" splitpriority="none" dropdown="continue" popup="none" popup-page-rule="" />
  <Paragraph id="1105279" documentposition="38" splitpriority="none" dropdown="continue" popup="none" popup-page-rule="" />
  <Paragraph id="1147371" documentposition="39" splitpriority="none" dropdown="continue" popup="none" popup-page-rule="">
    <Frame id="1146456">
      <Paragraph id="" dropdown="continue" popup="none" popup-page-rule="" />
      <Frame id="1146457" />
    </Frame>
  </Paragraph>
  <Paragraph id="1105408" documentposition="40" splitpriority="none" dropdown="continue" popup="none" popup-page-rule="" />
  <Paragraph id="1105357" documentposition="41" splitpriority="none" dropdown="continue" popup="none" popup-page-rule="" />
  <Paragraph id="1105369" documentposition="42" splitpriority="none" dropdown="continue" popup="none" popup-page-rule="" />
  <Paragraph id="1105484" documentposition="43" splitpriority="none" dropdown="continue" popup="none" popup-page-rule="" />
  <Paragraph id="1105485" documentposition="44" splitpriority="none" dropdown="continue" popup="none" popup-page-rule="" />
  <Paragraph id="1105486" documentposition="45" splitpriority="none" dropdown="continue" popup="none" popup-page-rule="" />
  <Paragraph id="1147395" documentposition="46" splitpriority="none" dropdown="continue" popup="none" popup-page-rule="">
    <Frame id="1146478">
      <Paragraph id="" dropdown="continue" popup="none" popup-page-rule="" />
      <Frame id="1146479" />
    </Frame>
  </Paragraph>
  <Paragraph id="1105342" documentposition="47" splitpriority="3" dropdown="continue" popup="none" popup-page-rule="" />
  <Paragraph id="1105849" documentposition="48" splitpriority="none" dropdown="continue" popup="none" popup-page-rule="" />
  <Paragraph id="1105851" documentposition="49" splitpriority="none" dropdown="continue" popup="none" popup-page-rule="" />
  <Paragraph id="1105826" documentposition="50" splitpriority="none" dropdown="continue" popup="none" popup-page-rule="" />
  <Paragraph id="1163944" documentposition="51" splitpriority="none" dropdown="continue" popup="none" popup-page-rule="" />
  <Paragraph id="1163935" documentposition="52" splitpriority="none" dropdown="continue" popup="none" popup-page-rule="">
    <Frame id="1146522">
      <Paragraph id="" dropdown="continue" popup="none" popup-page-rule="" />
      <Frame id="1146523" />
    </Frame>
  </Paragraph>
  <Paragraph id="1105957" documentposition="53" splitpriority="3" dropdown="continue" popup="none" popup-page-rule="" />
  <Paragraph id="1105959" documentposition="54" splitpriority="none" dropdown="continue" popup="none" popup-page-rule="" />
  <Paragraph id="1105961" documentposition="55" splitpriority="none" dropdown="continue" popup="none" popup-page-rule="" />
  <Paragraph id="1105963" documentposition="56" splitpriority="none" dropdown="continue" popup="none" popup-page-rule="" />
  <Paragraph id="1105966" documentposition="57" splitpriority="3" dropdown="continue" popup="none" popup-page-rule="" />
  <Paragraph id="1105968" documentposition="58" splitpriority="none" dropdown="continue" popup="none" popup-page-rule="" />
  <Paragraph id="1105942" documentposition="59" splitpriority="none" dropdown="continue" popup="none" popup-page-rule="" />
  <Paragraph id="1106052" documentposition="60" splitpriority="none" dropdown="continue" popup="none" popup-page-rule="" />
  <Paragraph id="1147476" documentposition="61" splitpriority="none" dropdown="continue" popup="none" popup-page-rule="">
    <Frame id="1146554">
      <Paragraph id="" dropdown="continue" popup="none" popup-page-rule="" />
      <Frame id="1146555" />
    </Frame>
  </Paragraph>
  <Paragraph id="1106105" documentposition="63" splitpriority="3" dropdown="continue" popup="none" popup-page-rule="" />
  <Paragraph id="1106107" documentposition="64" splitpriority="none" dropdown="continue" popup="none" popup-page-rule="" />
  <Paragraph id="1106109" documentposition="65" splitpriority="none" dropdown="continue" popup="none" popup-page-rule="" />
  <Paragraph id="1164041" documentposition="66" splitpriority="none" dropdown="continue" popup="none" popup-page-rule="" />
  <Paragraph id="1106103" documentposition="67" splitpriority="none" dropdown="continue" popup="none" popup-page-rule="" />
  <Paragraph id="1147504" documentposition="68" splitpriority="none" dropdown="continue" popup="none" popup-page-rule="">
    <Frame id="1146575">
      <Paragraph id="" dropdown="continue" popup="none" popup-page-rule="" />
      <Frame id="1146576" />
    </Frame>
  </Paragraph>
  <Paragraph id="1173434" documentposition="70" splitpriority="none" dropdown="continue" popup="none" popup-page-rule="" />
  <Paragraph id="1106177" documentposition="71" splitpriority="3" dropdown="continue" popup="none" popup-page-rule="" />
  <Paragraph id="1106179" documentposition="72" splitpriority="none" dropdown="continue" popup="none" popup-page-rule="" />
  <Paragraph id="1106181" documentposition="73" splitpriority="none" dropdown="continue" popup="none" popup-page-rule="" />
  <Paragraph id="1166425" documentposition="74" splitpriority="none" dropdown="continue" popup="none" popup-page-rule="" />
  <Paragraph id="1106168" documentposition="75" splitpriority="none" dropdown="continue" popup="none" popup-page-rule="" />
  <Paragraph id="1166429" documentposition="76" splitpriority="none" dropdown="continue" popup="none" popup-page-rule="" />
  <Paragraph id="1193210" documentposition="77" splitpriority="none" dropdown="continue" popup="none" popup-page-rule="">
    <Frame id="1146597">
      <Paragraph id="" dropdown="continue" popup="none" popup-page-rule="" />
      <Frame id="1146598" />
    </Frame>
  </Paragraph>
  <Paragraph id="1170354" documentposition="79" splitpriority="none" dropdown="continue" popup="none" popup-page-rule="" />
  <Paragraph id="1193217" documentposition="80" splitpriority="none" dropdown="continue" popup="none" popup-page-rule="">
    <Frame id="1146619">
      <Paragraph id="" dropdown="continue" popup="none" popup-page-rule="" />
      <Frame id="1146620" />
    </Frame>
  </Paragraph>
  <Paragraph id="1106266" documentposition="82" splitpriority="3" dropdown="continue" popup="none" popup-page-rule="" />
  <Paragraph id="1106268" documentposition="83" splitpriority="none" dropdown="continue" popup="none" popup-page-rule="" />
  <Paragraph id="1106270" documentposition="84" splitpriority="none" dropdown="continue" popup="none" popup-page-rule="" />
  <Paragraph id="1106272" documentposition="85" splitpriority="none" dropdown="continue" popup="none" popup-page-rule="" />
  <Paragraph id="1106260" documentposition="86" splitpriority="none" dropdown="continue" popup="none" popup-page-rule="" />
  <Paragraph id="1147565" documentposition="87" splitpriority="none" dropdown="continue" popup="none" popup-page-rule="">
    <Frame id="1146649">
      <Paragraph id="" dropdown="continue" popup="none" popup-page-rule="" />
      <Frame id="1146650" />
    </Frame>
  </Paragraph>
  <Paragraph id="1106325" documentposition="89" splitpriority="3" dropdown="continue" popup="none" popup-page-rule="" />
  <Paragraph id="1106327" documentposition="90" splitpriority="none" dropdown="continue" popup="none" popup-page-rule="" />
  <Paragraph id="1106329" documentposition="91" splitpriority="none" dropdown="continue" popup="none" popup-page-rule="" />
  <Paragraph id="1106323" documentposition="92" splitpriority="none" dropdown="continue" popup="none" popup-page-rule="" />
  <Paragraph id="1193231" documentposition="93" splitpriority="none" dropdown="continue" popup="none" popup-page-rule="">
    <Frame id="1146671">
      <Paragraph id="" dropdown="continue" popup="none" popup-page-rule="" />
      <Frame id="1146672" />
    </Frame>
  </Paragraph>
  <Paragraph id="1153781" documentposition="95" splitpriority="none" dropdown="continue" popup="none" popup-page-rule="" />
  <Paragraph id="1106375" documentposition="96" splitpriority="3" dropdown="continue" popup="none" popup-page-rule="" />
  <Paragraph id="1106377" documentposition="97" splitpriority="none" dropdown="continue" popup="none" popup-page-rule="" />
  <Paragraph id="1106379" documentposition="98" splitpriority="none" dropdown="continue" popup="none" popup-page-rule="" />
  <Paragraph id="1166556" documentposition="99" splitpriority="none" dropdown="continue" popup="none" popup-page-rule="" />
  <Paragraph id="1147573" documentposition="100" splitpriority="none" dropdown="continue" popup="none" popup-page-rule="">
    <Frame id="1173533">
      <Paragraph id="" dropdown="continue" popup="none" popup-page-rule="" />
      <Frame id="1173534" />
      <Frame id="1173535" />
      <Frame id="1173536" />
    </Frame>
  </Paragraph>
  <Paragraph id="1106480" documentposition="102" splitpriority="3" dropdown="continue" popup="none" popup-page-rule="" />
  <Paragraph id="1106482" documentposition="103" splitpriority="none" dropdown="continue" popup="none" popup-page-rule="" />
  <Paragraph id="1106484" documentposition="104" splitpriority="none" dropdown="continue" popup="none" popup-page-rule="" />
  <Paragraph id="1106485" documentposition="105" splitpriority="3" dropdown="continue" popup="none" popup-page-rule="" />
  <Paragraph id="1106487" documentposition="106" splitpriority="none" dropdown="continue" popup="none" popup-page-rule="" />
  <Paragraph id="1106489" documentposition="107" splitpriority="none" dropdown="continue" popup="none" popup-page-rule="" />
  <Paragraph id="1106567" documentposition="108" splitpriority="none" dropdown="continue" popup="none" popup-page-rule="" />
  <Paragraph id="1193259" documentposition="109" splitpriority="none" dropdown="continue" popup="none" popup-page-rule="">
    <Frame id="1173557">
      <Paragraph id="" dropdown="continue" popup="none" popup-page-rule="" />
      <Frame id="1173558" />
    </Frame>
  </Paragraph>
  <Paragraph id="1106596" documentposition="111" splitpriority="2" dropdown="continue" popup="none" popup-page-rule="" />
  <Paragraph id="1106598" documentposition="112" splitpriority="none" dropdown="continue" popup="none" popup-page-rule="" />
  <Paragraph id="1198574" documentposition="113" splitpriority="none" dropdown="continue" popup="none" popup-page-rule="" />
  <Paragraph id="1198578" documentposition="114" splitpriority="none" dropdown="continue" popup="none" popup-page-rule="" />
  <Paragraph id="1198582" documentposition="115" splitpriority="none" dropdown="continue" popup="none" popup-page-rule="" />
  <Paragraph id="1198586" documentposition="116" splitpriority="none" dropdown="continue" popup="none" popup-page-rule="" />
  <Paragraph id="1198590" documentposition="117" splitpriority="none" dropdown="continue" popup="none" popup-page-rule="" />
  <Paragraph id="1198594" documentposition="118" splitpriority="none" dropdown="continue" popup="none" popup-page-rule="" />
  <Paragraph id="1106599" documentposition="119" splitpriority="3" dropdown="continue" popup="none" popup-page-rule="" />
  <Paragraph id="1106587" documentposition="120" splitpriority="none" dropdown="continue" popup="none" popup-page-rule="" />
  <Paragraph id="1153882" documentposition="121" splitpriority="none" dropdown="continue" popup="none" popup-page-rule="" />
  <Paragraph id="1154000" documentposition="122" splitpriority="none" dropdown="continue" popup="none" popup-page-rule="" />
  <Paragraph id="1154189" documentposition="123" splitpriority="none" dropdown="continue" popup="none" popup-page-rule="" />
  <Paragraph id="1153936" documentposition="124" splitpriority="none" dropdown="continue" popup="none" popup-page-rule="" />
  <Paragraph id="1154626" documentposition="125" splitpriority="none" dropdown="continue" popup="none" popup-page-rule="" />
  <Paragraph id="1153984" documentposition="126" splitpriority="none" dropdown="continue" popup="none" popup-page-rule="" />
  <Paragraph id="1135005" documentposition="127" splitpriority="none" dropdown="continue" popup="none" popup-page-rule="">
    <Frame id="1135003">
      <Paragraph id="" dropdown="continue" popup="none" popup-page-rule="" />
      <Frame id="1135004" />
    </Frame>
  </Paragraph>
  <Paragraph id="1106661" documentposition="129" splitpriority="3" dropdown="continue" popup="none" popup-page-rule="" />
  <Paragraph id="1154234" documentposition="130" splitpriority="none" dropdown="continue" popup="none" popup-page-rule="" />
  <Paragraph id="1154305" documentposition="131" splitpriority="none" dropdown="continue" popup="none" popup-page-rule="" />
  <Paragraph id="1154235" documentposition="132" splitpriority="none" dropdown="continue" popup="none" popup-page-rule="" />
  <Paragraph id="1154236" documentposition="133" splitpriority="none" dropdown="continue" popup="none" popup-page-rule="" />
  <Paragraph id="1106659" documentposition="134" splitpriority="none" dropdown="continue" popup="none" popup-page-rule="" />
  <Paragraph id="1154072" documentposition="135" splitpriority="none" dropdown="continue" popup="none" popup-page-rule="" />
  <Paragraph id="1109217" documentposition="136" splitpriority="none" dropdown="continue" popup="none" popup-page-rule="">
    <Frame id="1106718">
      <Paragraph id="" dropdown="continue" popup="none" popup-page-rule="" />
      <Frame id="1106717" />
    </Frame>
  </Paragraph>
  <Paragraph id="1172009" documentposition="138" splitpriority="3" dropdown="continue" popup="none" popup-page-rule="" />
  <Paragraph id="1172010" documentposition="139" splitpriority="none" dropdown="continue" popup="none" popup-page-rule="" />
  <Paragraph id="1172011" documentposition="140" splitpriority="none" dropdown="continue" popup="none" popup-page-rule="" />
  <Paragraph id="1172012" documentposition="141" splitpriority="none" dropdown="continue" popup="none" popup-page-rule="" />
  <Paragraph id="1172013" documentposition="142" splitpriority="none" dropdown="continue" popup="none" popup-page-rule="" />
  <Paragraph id="1172014" documentposition="143" splitpriority="none" dropdown="continue" popup="none" popup-page-rule="" />
  <Paragraph id="1155511" documentposition="144" splitpriority="none" dropdown="continue" popup="none" popup-page-rule="" />
  <Paragraph id="1155516" documentposition="145" splitpriority="none" dropdown="continue" popup="none" popup-page-rule="">
    <Frame id="1106746">
      <Paragraph id="" dropdown="continue" popup="none" popup-page-rule="" />
      <Frame id="1106745" />
    </Frame>
  </Paragraph>
  <Paragraph id="1106757" documentposition="147" splitpriority="3" dropdown="continue" popup="none" popup-page-rule="" />
  <Paragraph id="1154796" documentposition="148" splitpriority="none" dropdown="continue" popup="none" popup-page-rule="" />
  <Paragraph id="1154797" documentposition="149" splitpriority="none" dropdown="continue" popup="none" popup-page-rule="" />
  <Paragraph id="1154798" documentposition="150" splitpriority="none" dropdown="continue" popup="none" popup-page-rule="" />
  <Paragraph id="1154799" documentposition="151" splitpriority="none" dropdown="continue" popup="none" popup-page-rule="" />
  <Paragraph id="1106755" documentposition="152" splitpriority="none" dropdown="continue" popup="none" popup-page-rule="" />
  <Paragraph id="1154772" documentposition="153" splitpriority="none" dropdown="continue" popup="none" popup-page-rule="" />
  <Paragraph id="1109233" documentposition="154" splitpriority="none" dropdown="continue" popup="none" popup-page-rule="">
    <Frame id="1106763">
      <Paragraph id="" dropdown="continue" popup="none" popup-page-rule="" />
      <Frame id="1106762" />
    </Frame>
  </Paragraph>
  <Paragraph id="1154873" documentposition="156" splitpriority="3" dropdown="continue" popup="none" popup-page-rule="" />
  <Paragraph id="1154874" documentposition="157" splitpriority="none" dropdown="continue" popup="none" popup-page-rule="" />
  <Paragraph id="1154875" documentposition="158" splitpriority="none" dropdown="continue" popup="none" popup-page-rule="" />
  <Paragraph id="1154876" documentposition="159" splitpriority="none" dropdown="continue" popup="none" popup-page-rule="" />
  <Paragraph id="1154877" documentposition="160" splitpriority="none" dropdown="continue" popup="none" popup-page-rule="" />
  <Paragraph id="1154975" documentposition="161" splitpriority="none" dropdown="continue" popup="none" popup-page-rule="" />
  <Paragraph id="1154878" documentposition="162" splitpriority="none" dropdown="continue" popup="none" popup-page-rule="" />
  <Paragraph id="1162184" documentposition="163" splitpriority="none" dropdown="continue" popup="none" popup-page-rule="" />
  <Paragraph id="1182826" documentposition="164" splitpriority="none" dropdown="continue" popup="none" popup-page-rule="">
    <Frame id="1182810">
      <Paragraph id="" dropdown="continue" popup="none" popup-page-rule="" />
      <Frame id="1182809" />
    </Frame>
  </Paragraph>
  <Paragraph id="1155190" documentposition="166" splitpriority="3" dropdown="continue" popup="none" popup-page-rule="" />
  <Paragraph id="1155538" documentposition="167" splitpriority="none" dropdown="continue" popup="none" popup-page-rule="" />
  <Paragraph id="1155539" documentposition="168" splitpriority="none" dropdown="continue" popup="none" popup-page-rule="" />
  <Paragraph id="1155540" documentposition="169" splitpriority="none" dropdown="continue" popup="none" popup-page-rule="" />
  <Paragraph id="1155541" documentposition="170" splitpriority="none" dropdown="continue" popup="none" popup-page-rule="" />
  <Paragraph id="1155542" documentposition="171" splitpriority="none" dropdown="continue" popup="none" popup-page-rule="" />
  <Paragraph id="1155666" documentposition="172" splitpriority="none" dropdown="continue" popup="none" popup-page-rule="">
    <Frame id="1106851">
      <Paragraph id="" dropdown="continue" popup="none" popup-page-rule="" />
      <Frame id="1106850" />
    </Frame>
  </Paragraph>
  <Paragraph id="1106879" documentposition="174" splitpriority="3" dropdown="continue" popup="none" popup-page-rule="" />
  <Paragraph id="1155819" documentposition="175" splitpriority="none" dropdown="continue" popup="none" popup-page-rule="" />
  <Paragraph id="1155820" documentposition="176" splitpriority="none" dropdown="continue" popup="none" popup-page-rule="" />
  <Paragraph id="1155821" documentposition="177" splitpriority="none" dropdown="continue" popup="none" popup-page-rule="" />
  <Paragraph id="1155822" documentposition="178" splitpriority="none" dropdown="continue" popup="none" popup-page-rule="" />
  <Paragraph id="1106901" documentposition="179" splitpriority="none" dropdown="continue" popup="none" popup-page-rule="" />
  <Paragraph id="1155984" documentposition="180" splitpriority="none" dropdown="continue" popup="none" popup-page-rule="" />
  <Paragraph id="1109285" documentposition="181" splitpriority="none" dropdown="continue" popup="none" popup-page-rule="">
    <Frame id="1106968">
      <Paragraph id="" dropdown="continue" popup="none" popup-page-rule="" />
      <Frame id="1106967" />
    </Frame>
  </Paragraph>
  <Paragraph id="1157774" documentposition="183" splitpriority="2" dropdown="continue" popup="none" popup-page-rule="" />
  <Paragraph id="1158422" documentposition="184" splitpriority="none" dropdown="continue" popup="none" popup-page-rule="" />
  <Paragraph id="1158495" documentposition="185" splitpriority="none" dropdown="continue" popup="none" popup-page-rule="" />
  <Paragraph id="1158505" documentposition="186" splitpriority="none" dropdown="continue" popup="none" popup-page-rule="" />
  <Paragraph id="1158512" documentposition="187" splitpriority="none" dropdown="continue" popup="none" popup-page-rule="" />
  <Paragraph id="1163534" documentposition="188" splitpriority="none" dropdown="continue" popup="none" popup-page-rule="" />
  <Paragraph id="1170643" documentposition="189" splitpriority="none" dropdown="continue" popup="none" popup-page-rule="" />
  <Paragraph id="1198700" documentposition="190" splitpriority="none" dropdown="continue" popup="none" popup-page-rule="" />
  <Paragraph id="1198704" documentposition="191" splitpriority="none" dropdown="continue" popup="none" popup-page-rule="" />
  <Paragraph id="1198708" documentposition="192" splitpriority="none" dropdown="continue" popup="none" popup-page-rule="" />
  <Paragraph id="1198712" documentposition="193" splitpriority="none" dropdown="continue" popup="none" popup-page-rule="" />
  <Paragraph id="1158423" documentposition="194" splitpriority="3" dropdown="continue" popup="none" popup-page-rule="" />
  <Paragraph id="1156320" documentposition="195" splitpriority="none" dropdown="continue" popup="none" popup-page-rule="" />
  <Paragraph id="1157443" documentposition="196" splitpriority="none" dropdown="continue" popup="none" popup-page-rule="" />
  <Paragraph id="1157450" documentposition="197" splitpriority="none" dropdown="continue" popup="none" popup-page-rule="" />
  <Paragraph id="1157461" documentposition="198" splitpriority="none" dropdown="continue" popup="none" popup-page-rule="" />
  <Paragraph id="1157468" documentposition="199" splitpriority="none" dropdown="continue" popup="none" popup-page-rule="" />
  <Paragraph id="1157475" documentposition="200" splitpriority="none" dropdown="continue" popup="none" popup-page-rule="" />
  <Paragraph id="1157482" documentposition="201" splitpriority="none" dropdown="continue" popup="none" popup-page-rule="" />
  <Paragraph id="1157496" documentposition="202" splitpriority="none" dropdown="continue" popup="none" popup-page-rule="" />
  <Paragraph id="1182842" documentposition="203" splitpriority="none" dropdown="continue" popup="none" popup-page-rule="">
    <Frame id="1182958">
      <Paragraph id="" dropdown="continue" popup="none" popup-page-rule="" />
      <Frame id="1182957" />
    </Frame>
  </Paragraph>
  <Paragraph id="1157662" documentposition="205" splitpriority="3" dropdown="continue" popup="none" popup-page-rule="" />
  <Paragraph id="1157669" documentposition="206" splitpriority="none" dropdown="continue" popup="none" popup-page-rule="" />
  <Paragraph id="1157906" documentposition="207" splitpriority="none" dropdown="continue" popup="none" popup-page-rule="" />
  <Paragraph id="1157907" documentposition="208" splitpriority="none" dropdown="continue" popup="none" popup-page-rule="" />
  <Paragraph id="1157908" documentposition="209" splitpriority="none" dropdown="continue" popup="none" popup-page-rule="" />
  <Paragraph id="1157909" documentposition="210" splitpriority="none" dropdown="continue" popup="none" popup-page-rule="" />
  <Paragraph id="1157911" documentposition="211" splitpriority="none" dropdown="continue" popup="none" popup-page-rule="" />
  <Paragraph id="1158091" documentposition="212" splitpriority="none" dropdown="continue" popup="none" popup-page-rule="" />
  <Paragraph id="1156299" documentposition="213" splitpriority="none" dropdown="continue" popup="none" popup-page-rule="" />
  <Paragraph id="1185174" documentposition="214" splitpriority="none" dropdown="continue" popup="none" popup-page-rule="" />
  <Paragraph id="1182983" documentposition="215" splitpriority="none" dropdown="continue" popup="none" popup-page-rule="">
    <Frame id="1182985">
      <Paragraph id="" dropdown="continue" popup="none" popup-page-rule="" />
      <Frame id="1182984" />
    </Frame>
  </Paragraph>
  <Paragraph id="1183084" documentposition="217" splitpriority="none" dropdown="continue" popup="none" popup-page-rule="" />
  <Paragraph id="1185177" documentposition="218" splitpriority="none" dropdown="continue" popup="none" popup-page-rule="">
    <Frame id="1183203">
      <Paragraph id="" dropdown="continue" popup="none" popup-page-rule="" />
      <Frame id="1183202" />
    </Frame>
  </Paragraph>
  <Paragraph id="1183240" documentposition="220" splitpriority="none" dropdown="continue" popup="none" popup-page-rule="" />
  <Paragraph id="1185183" documentposition="221" splitpriority="none" dropdown="continue" popup="none" popup-page-rule="">
    <Frame id="1183365">
      <Paragraph id="" dropdown="continue" popup="none" popup-page-rule="" />
      <Frame id="1183364" />
    </Frame>
  </Paragraph>
  <Paragraph id="1158109" documentposition="223" splitpriority="3" dropdown="continue" popup="none" popup-page-rule="" />
  <Paragraph id="1158140" documentposition="224" splitpriority="none" dropdown="continue" popup="none" popup-page-rule="" />
  <Paragraph id="1158251" documentposition="225" splitpriority="none" dropdown="continue" popup="none" popup-page-rule="" />
  <Paragraph id="1158304" documentposition="226" splitpriority="none" dropdown="continue" popup="none" popup-page-rule="" />
  <Paragraph id="1158305" documentposition="227" splitpriority="none" dropdown="continue" popup="none" popup-page-rule="" />
  <Paragraph id="1158355" documentposition="228" splitpriority="none" dropdown="continue" popup="none" popup-page-rule="" />
  <Paragraph id="1158366" documentposition="229" splitpriority="none" dropdown="continue" popup="none" popup-page-rule="" />
  <Paragraph id="1158340" documentposition="230" splitpriority="none" dropdown="continue" popup="none" popup-page-rule="" />
  <Paragraph id="1162262" documentposition="231" splitpriority="none" dropdown="continue" popup="none" popup-page-rule="" />
  <Paragraph id="1162385" documentposition="232" splitpriority="none" dropdown="continue" popup="none" popup-page-rule="">
    <Frame id="1183503">
      <Paragraph id="" dropdown="continue" popup="none" popup-page-rule="" />
      <Frame id="1183502" />
    </Frame>
  </Paragraph>
  <Paragraph id="1107560" documentposition="234" splitpriority="2" dropdown="continue" popup="none" popup-page-rule="" />
  <Paragraph id="1159466" documentposition="235" splitpriority="3" dropdown="continue" popup="none" popup-page-rule="" />
  <Paragraph id="1159467" documentposition="236" splitpriority="none" dropdown="continue" popup="none" popup-page-rule="" />
  <Paragraph id="1198717" documentposition="237" splitpriority="none" dropdown="continue" popup="none" popup-page-rule="" />
  <Paragraph id="1198721" documentposition="238" splitpriority="none" dropdown="continue" popup="none" popup-page-rule="" />
  <Paragraph id="1198725" documentposition="239" splitpriority="none" dropdown="continue" popup="none" popup-page-rule="" />
  <Paragraph id="1198729" documentposition="240" splitpriority="none" dropdown="continue" popup="none" popup-page-rule="" />
  <Paragraph id="1159468" documentposition="241" splitpriority="4" dropdown="continue" popup="none" popup-page-rule="" />
  <Paragraph id="1159469" documentposition="242" splitpriority="none" dropdown="continue" popup="none" popup-page-rule="">
    <Frame id="1187664">
      <Paragraph id="" dropdown="continue" popup="none" popup-page-rule="" />
      <Frame id="1187663" />
    </Frame>
  </Paragraph>
  <Paragraph id="1159471" documentposition="243" splitpriority="none" dropdown="continue" popup="none" popup-page-rule="" />
  <Paragraph id="1159472" documentposition="244" splitpriority="none" dropdown="continue" popup="none" popup-page-rule="" />
  <Paragraph id="1159473" documentposition="245" splitpriority="none" dropdown="continue" popup="none" popup-page-rule="" />
  <Paragraph id="1159746" documentposition="246" splitpriority="none" dropdown="continue" popup="none" popup-page-rule="" />
  <Paragraph id="1159783" documentposition="247" splitpriority="none" dropdown="continue" popup="none" popup-page-rule="">
    <Frame id="1184073">
      <Paragraph id="" dropdown="continue" popup="none" popup-page-rule="" />
      <Frame id="1184072" />
    </Frame>
  </Paragraph>
  <Paragraph id="1159762" documentposition="248" splitpriority="none" dropdown="continue" popup="none" popup-page-rule="" />
  <Paragraph id="1164304" documentposition="249" splitpriority="none" dropdown="continue" popup="none" popup-page-rule="" />
  <Paragraph id="1159769" documentposition="250" splitpriority="none" dropdown="continue" popup="none" popup-page-rule="" />
  <Paragraph id="1159625" documentposition="251" splitpriority="4" dropdown="continue" popup="none" popup-page-rule="" />
  <Paragraph id="1164355" documentposition="252" splitpriority="none" dropdown="continue" popup="none" popup-page-rule="">
    <Frame id="1187674">
      <Paragraph id="" dropdown="continue" popup="none" popup-page-rule="" />
      <Frame id="1187673" />
    </Frame>
  </Paragraph>
  <Paragraph id="1164353" documentposition="253" splitpriority="none" dropdown="continue" popup="none" popup-page-rule="" />
  <Paragraph id="1159975" documentposition="254" splitpriority="none" dropdown="continue" popup="none" popup-page-rule="">
    <Frame id="1184108">
      <Paragraph id="" dropdown="continue" popup="none" popup-page-rule="" />
      <Frame id="1184107" />
    </Frame>
  </Paragraph>
  <Paragraph id="1160104" documentposition="255" splitpriority="none" dropdown="continue" popup="none" popup-page-rule="" />
  <Paragraph id="1160114" documentposition="256" splitpriority="none" dropdown="continue" popup="none" popup-page-rule="" />
  <Paragraph id="1159481" documentposition="257" splitpriority="4" dropdown="continue" popup="none" popup-page-rule="" />
  <Paragraph id="1164654" documentposition="258" splitpriority="none" dropdown="continue" popup="none" popup-page-rule="">
    <Frame id="1187731">
      <Paragraph id="" dropdown="continue" popup="none" popup-page-rule="" />
      <Frame id="1187732" />
    </Frame>
  </Paragraph>
  <Paragraph id="1160160" documentposition="259" splitpriority="none" dropdown="continue" popup="none" popup-page-rule="" />
  <Paragraph id="1160187" documentposition="260" splitpriority="3" dropdown="continue" popup="none" popup-page-rule="" />
  <Paragraph id="1160194" documentposition="261" splitpriority="none" dropdown="continue" popup="none" popup-page-rule="" />
  <Paragraph id="1198734" documentposition="262" splitpriority="none" dropdown="continue" popup="none" popup-page-rule="" />
  <Paragraph id="1198738" documentposition="263" splitpriority="none" dropdown="continue" popup="none" popup-page-rule="" />
  <Paragraph id="1198742" documentposition="264" splitpriority="none" dropdown="continue" popup="none" popup-page-rule="" />
  <Paragraph id="1160253" documentposition="265" splitpriority="4" dropdown="continue" popup="none" popup-page-rule="" />
  <Paragraph id="1160254" documentposition="266" splitpriority="none" dropdown="continue" popup="none" popup-page-rule="" />
  <Paragraph id="1186509" documentposition="267" splitpriority="none" dropdown="continue" popup="none" popup-page-rule="">
    <Frame id="1183578">
      <Paragraph id="" dropdown="continue" popup="none" popup-page-rule="" />
      <Frame id="1183577" />
    </Frame>
  </Paragraph>
  <Paragraph id="1164956" documentposition="268" splitpriority="none" dropdown="continue" popup="none" popup-page-rule="" />
  <Paragraph id="1187278" documentposition="269" splitpriority="none" dropdown="continue" popup="none" popup-page-rule="" />
  <Paragraph id="1160257" documentposition="270" splitpriority="none" dropdown="continue" popup="none" popup-page-rule="" />
  <Paragraph id="1160258" documentposition="271" splitpriority="none" dropdown="continue" popup="none" popup-page-rule="" />
  <Paragraph id="1170913" documentposition="272" splitpriority="none" dropdown="continue" popup="none" popup-page-rule="" />
  <Paragraph id="1170892" documentposition="273" splitpriority="none" dropdown="continue" popup="none" popup-page-rule="" />
  <Paragraph id="1160595" documentposition="274" splitpriority="4" dropdown="continue" popup="none" popup-page-rule="" />
  <Paragraph id="1165007" documentposition="275" splitpriority="none" dropdown="continue" popup="none" popup-page-rule="" />
  <Paragraph id="1186489" documentposition="276" splitpriority="none" dropdown="continue" popup="none" popup-page-rule="">
    <Frame id="1183604">
      <Paragraph id="" dropdown="continue" popup="none" popup-page-rule="" />
      <Frame id="1183603" />
    </Frame>
  </Paragraph>
  <Paragraph id="1170954" documentposition="277" splitpriority="none" dropdown="continue" popup="none" popup-page-rule="" />
  <Paragraph id="1187298" documentposition="278" splitpriority="none" dropdown="continue" popup="none" popup-page-rule="" />
  <Paragraph id="1170997" documentposition="279" splitpriority="none" dropdown="continue" popup="none" popup-page-rule="" />
  <Paragraph id="1170944" documentposition="280" splitpriority="none" dropdown="continue" popup="none" popup-page-rule="" />
  <Paragraph id="1160725" documentposition="281" splitpriority="3" dropdown="continue" popup="none" popup-page-rule="" />
  <Paragraph id="1160726" documentposition="282" splitpriority="none" dropdown="continue" popup="none" popup-page-rule="" />
  <Paragraph id="1160794" documentposition="283" splitpriority="none" dropdown="continue" popup="none" popup-page-rule="" />
  <Paragraph id="1160801" documentposition="284" splitpriority="none" dropdown="continue" popup="none" popup-page-rule="" />
  <Paragraph id="1160814" documentposition="285" splitpriority="none" dropdown="continue" popup="none" popup-page-rule="" />
  <Paragraph id="1160821" documentposition="286" splitpriority="none" dropdown="continue" popup="none" popup-page-rule="" />
  <Paragraph id="1160828" documentposition="287" splitpriority="none" dropdown="continue" popup="none" popup-page-rule="" />
  <Paragraph id="1160835" documentposition="288" splitpriority="none" dropdown="continue" popup="none" popup-page-rule="" />
  <Paragraph id="1160849" documentposition="289" splitpriority="none" dropdown="continue" popup="none" popup-page-rule="" />
  <Paragraph id="1198747" documentposition="290" splitpriority="none" dropdown="continue" popup="none" popup-page-rule="" />
  <Paragraph id="1198751" documentposition="291" splitpriority="none" dropdown="continue" popup="none" popup-page-rule="" />
  <Paragraph id="1198755" documentposition="292" splitpriority="none" dropdown="continue" popup="none" popup-page-rule="" />
  <Paragraph id="1198759" documentposition="293" splitpriority="none" dropdown="continue" popup="none" popup-page-rule="" />
  <Paragraph id="1191737" documentposition="294" splitpriority="none" dropdown="continue" popup="none" popup-page-rule="" />
  <Paragraph id="1160727" documentposition="295" splitpriority="4" dropdown="continue" popup="none" popup-page-rule="" />
  <Paragraph id="1160728" documentposition="296" splitpriority="none" dropdown="continue" popup="none" popup-page-rule="" />
  <Paragraph id="1187965" documentposition="297" splitpriority="none" dropdown="continue" popup="none" popup-page-rule="">
    <Frame id="1187882">
      <Paragraph id="" dropdown="continue" popup="none" popup-page-rule="" />
      <Frame id="1187881" />
    </Frame>
  </Paragraph>
  <Paragraph id="1160730" documentposition="298" splitpriority="none" dropdown="continue" popup="none" popup-page-rule="" />
  <Paragraph id="1187935" documentposition="299" splitpriority="none" dropdown="continue" popup="none" popup-page-rule="" />
  <Paragraph id="1160731" documentposition="300" splitpriority="none" dropdown="continue" popup="none" popup-page-rule="" />
  <Paragraph id="1160732" documentposition="301" splitpriority="none" dropdown="continue" popup="none" popup-page-rule="" />
  <Paragraph id="1160737" documentposition="302" splitpriority="none" dropdown="continue" popup="none" popup-page-rule="" />
  <Paragraph id="1188127" documentposition="303" splitpriority="none" dropdown="continue" popup="none" popup-page-rule="">
    <Frame id="1160993">
      <Paragraph id="" dropdown="continue" popup="none" popup-page-rule="" />
    </Frame>
  </Paragraph>
  <Paragraph id="1188130" documentposition="304" splitpriority="none" dropdown="continue" popup="none" popup-page-rule="" />
  <Paragraph id="1161024" documentposition="305" splitpriority="none" dropdown="continue" popup="none" popup-page-rule="" />
  <Paragraph id="1161031" documentposition="306" splitpriority="none" dropdown="continue" popup="none" popup-page-rule="" />
  <Paragraph id="1161070" documentposition="307" splitpriority="4" dropdown="continue" popup="none" popup-page-rule="" />
  <Paragraph id="1168197" documentposition="308" splitpriority="none" dropdown="continue" popup="none" popup-page-rule="" />
  <Paragraph id="1188070" documentposition="309" splitpriority="none" dropdown="continue" popup="none" popup-page-rule="">
    <Frame id="1187986">
      <Paragraph id="" dropdown="continue" popup="none" popup-page-rule="" />
      <Frame id="1187985" />
    </Frame>
  </Paragraph>
  <Paragraph id="1188107" documentposition="310" splitpriority="none" dropdown="continue" popup="none" popup-page-rule="" />
  <Paragraph id="1167914" documentposition="311" splitpriority="none" dropdown="continue" popup="none" popup-page-rule="" />
  <Paragraph id="1161102" documentposition="312" splitpriority="none" dropdown="continue" popup="none" popup-page-rule="" />
  <Paragraph id="1188050" documentposition="313" splitpriority="none" dropdown="continue" popup="none" popup-page-rule="">
    <Frame id="1197578">
      <Paragraph id="" dropdown="continue" popup="none" popup-page-rule="" />
      <Frame id="1197577" />
    </Frame>
  </Paragraph>
  <Paragraph id="1188103" documentposition="314" splitpriority="none" dropdown="continue" popup="none" popup-page-rule="" />
  <Paragraph id="1161161" documentposition="315" splitpriority="none" dropdown="continue" popup="none" popup-page-rule="" />
  <Paragraph id="1161162" documentposition="316" splitpriority="none" dropdown="continue" popup="none" popup-page-rule="" />
  <Paragraph id="1161178" documentposition="317" splitpriority="4" dropdown="continue" popup="none" popup-page-rule="" />
  <Paragraph id="1168451" documentposition="318" splitpriority="none" dropdown="continue" popup="none" popup-page-rule="" />
  <Paragraph id="1188030" documentposition="319" splitpriority="none" dropdown="continue" popup="none" popup-page-rule="">
    <Frame id="1187999">
      <Paragraph id="" dropdown="continue" popup="none" popup-page-rule="" />
      <Frame id="1188000" />
    </Frame>
  </Paragraph>
  <Paragraph id="1168501" documentposition="320" splitpriority="none" dropdown="continue" popup="none" popup-page-rule="" />
  <Paragraph id="1161347" documentposition="321" splitpriority="3" dropdown="continue" popup="none" popup-page-rule="" />
  <Paragraph id="1161348" documentposition="322" splitpriority="none" dropdown="continue" popup="none" popup-page-rule="" />
  <Paragraph id="1198764" documentposition="323" splitpriority="none" dropdown="continue" popup="none" popup-page-rule="" />
  <Paragraph id="1198768" documentposition="324" splitpriority="none" dropdown="continue" popup="none" popup-page-rule="" />
  <Paragraph id="1198772" documentposition="325" splitpriority="none" dropdown="continue" popup="none" popup-page-rule="" />
  <Paragraph id="1161349" documentposition="326" splitpriority="4" dropdown="continue" popup="none" popup-page-rule="" />
  <Paragraph id="1161405" documentposition="327" splitpriority="none" dropdown="continue" popup="none" popup-page-rule="" />
  <Paragraph id="1188149" documentposition="328" splitpriority="none" dropdown="continue" popup="none" popup-page-rule="">
    <Frame id="1187991">
      <Paragraph id="" dropdown="continue" popup="none" popup-page-rule="" />
      <Frame id="1187990" />
    </Frame>
  </Paragraph>
  <Paragraph id="1188153" documentposition="329" splitpriority="none" dropdown="continue" popup="none" popup-page-rule="" />
  <Paragraph id="1161352" documentposition="330" splitpriority="none" dropdown="continue" popup="none" popup-page-rule="" />
  <Paragraph id="1161353" documentposition="331" splitpriority="none" dropdown="continue" popup="none" popup-page-rule="" />
  <Paragraph id="1161354" documentposition="332" splitpriority="none" dropdown="continue" popup="none" popup-page-rule="" />
  <Paragraph id="1161515" documentposition="333" splitpriority="none" dropdown="continue" popup="none" popup-page-rule="" />
  <Paragraph id="1161359" documentposition="334" splitpriority="none" dropdown="continue" popup="none" popup-page-rule="" />
  <Paragraph id="1161361" documentposition="335" splitpriority="none" dropdown="continue" popup="none" popup-page-rule="" />
  <Paragraph id="1161362" documentposition="336" splitpriority="4" dropdown="continue" popup="none" popup-page-rule="" />
  <Paragraph id="1183572" documentposition="337" splitpriority="none" dropdown="continue" popup="none" popup-page-rule="" />
  <Paragraph id="1186430" documentposition="338" splitpriority="none" dropdown="continue" popup="none" popup-page-rule="">
    <Frame id="1188167">
      <Paragraph id="" dropdown="continue" popup="none" popup-page-rule="" />
      <Frame id="1188166" />
    </Frame>
  </Paragraph>
  <Paragraph id="1195625" documentposition="339" splitpriority="none" dropdown="continue" popup="none" popup-page-rule="" />
  <Paragraph id="1161364" documentposition="340" splitpriority="none" dropdown="continue" popup="none" popup-page-rule="" />
  <Paragraph id="1161369" documentposition="341" splitpriority="none" dropdown="continue" popup="none" popup-page-rule="" />
  <Paragraph id="1161623" documentposition="342" splitpriority="2" dropdown="continue" popup="none" popup-page-rule="" />
  <Paragraph id="1156094" documentposition="343" splitpriority="3" dropdown="continue" popup="none" popup-page-rule="" />
  <Paragraph id="1158668" documentposition="344" splitpriority="none" dropdown="continue" popup="none" popup-page-rule="" />
  <Paragraph id="1198777" documentposition="345" splitpriority="none" dropdown="continue" popup="none" popup-page-rule="" />
  <Paragraph id="1198781" documentposition="346" splitpriority="none" dropdown="continue" popup="none" popup-page-rule="" />
  <Paragraph id="1198785" documentposition="347" splitpriority="none" dropdown="continue" popup="none" popup-page-rule="" />
  <Paragraph id="1198789" documentposition="348" splitpriority="none" dropdown="continue" popup="none" popup-page-rule="" />
  <Paragraph id="1158814" documentposition="349" splitpriority="4" dropdown="continue" popup="none" popup-page-rule="" />
  <Paragraph id="1163049" documentposition="350" splitpriority="none" dropdown="continue" popup="none" popup-page-rule="" />
  <Paragraph id="1186391" documentposition="351" splitpriority="none" dropdown="continue" popup="none" popup-page-rule="">
    <Frame id="1185896">
      <Paragraph id="" dropdown="continue" popup="none" popup-page-rule="" />
      <Frame id="1185895" />
    </Frame>
  </Paragraph>
  <Paragraph id="1188176" documentposition="352" splitpriority="none" dropdown="continue" popup="none" popup-page-rule="" />
  <Paragraph id="1158701" documentposition="353" splitpriority="none" dropdown="continue" popup="none" popup-page-rule="" />
  <Paragraph id="1158685" documentposition="354" splitpriority="none" dropdown="continue" popup="none" popup-page-rule="" />
  <Paragraph id="1186421" documentposition="355" splitpriority="none" dropdown="continue" popup="none" popup-page-rule="">
    <Frame id="1183842">
      <Paragraph id="" dropdown="continue" popup="none" popup-page-rule="" />
      <Frame id="1183841" />
    </Frame>
  </Paragraph>
  <Paragraph id="1189896" documentposition="356" splitpriority="none" dropdown="continue" popup="none" popup-page-rule="" />
  <Paragraph id="1158794" documentposition="357" splitpriority="none" dropdown="continue" popup="none" popup-page-rule="" />
  <Paragraph id="1189900" documentposition="358" splitpriority="none" dropdown="continue" popup="none" popup-page-rule="">
    <Frame id="1183911">
      <Paragraph id="" dropdown="continue" popup="none" popup-page-rule="" />
      <Frame id="1183910" />
    </Frame>
  </Paragraph>
  <Paragraph id="1189928" documentposition="359" splitpriority="none" dropdown="continue" popup="none" popup-page-rule="" />
  <Paragraph id="1156057" documentposition="360" splitpriority="none" dropdown="continue" popup="none" popup-page-rule="" />
  <Paragraph id="1190109" documentposition="361" splitpriority="none" dropdown="continue" popup="none" popup-page-rule="">
    <Frame id="1190130">
      <Paragraph id="" dropdown="continue" popup="none" popup-page-rule="" />
      <Frame id="1190129" />
    </Frame>
  </Paragraph>
  <Paragraph id="1190148" documentposition="362" splitpriority="none" dropdown="continue" popup="none" popup-page-rule="" />
  <Paragraph id="1107562" documentposition="363" splitpriority="none" dropdown="continue" popup="none" popup-page-rule="" />
  <Paragraph id="1158908" documentposition="364" splitpriority="4" dropdown="continue" popup="none" popup-page-rule="" />
  <Paragraph id="1188184" documentposition="365" splitpriority="none" dropdown="continue" popup="none" popup-page-rule="" />
  <Paragraph id="1188193" documentposition="366" splitpriority="none" dropdown="continue" popup="none" popup-page-rule="">
    <Frame id="1188182">
      <Paragraph id="" dropdown="continue" popup="none" popup-page-rule="" />
      <Frame id="1188183" />
    </Frame>
  </Paragraph>
  <Paragraph id="1188185" documentposition="367" splitpriority="none" dropdown="continue" popup="none" popup-page-rule="" />
  <Paragraph id="1169084" documentposition="368" splitpriority="none" dropdown="continue" popup="none" popup-page-rule="" />
  <Paragraph id="1169085" documentposition="369" splitpriority="none" dropdown="continue" popup="none" popup-page-rule="" />
  <Paragraph id="1169121" documentposition="370" splitpriority="none" dropdown="continue" popup="none" popup-page-rule="" />
  <Paragraph id="1186529" documentposition="371" splitpriority="none" dropdown="continue" popup="none" popup-page-rule="">
    <Frame id="1184018">
      <Paragraph id="" dropdown="continue" popup="none" popup-page-rule="" />
      <Frame id="1184017" />
    </Frame>
  </Paragraph>
  <Paragraph id="1188244" documentposition="372" splitpriority="none" dropdown="continue" popup="none" popup-page-rule="" />
  <Paragraph id="1158880" documentposition="373" splitpriority="none" dropdown="continue" popup="none" popup-page-rule="" />
  <Paragraph id="1158988" documentposition="374" splitpriority="none" dropdown="continue" popup="none" popup-page-rule="" />
  <Paragraph id="1159002" documentposition="375" splitpriority="4" dropdown="continue" popup="none" popup-page-rule="" />
  <Paragraph id="1159022" documentposition="376" splitpriority="none" dropdown="continue" popup="none" popup-page-rule="" />
  <Paragraph id="1188268" documentposition="377" splitpriority="none" dropdown="continue" popup="none" popup-page-rule="">
    <Frame id="1188266">
      <Paragraph id="" dropdown="continue" popup="none" popup-page-rule="" />
      <Frame id="1188267" />
    </Frame>
  </Paragraph>
  <Paragraph id="1188269" documentposition="378" splitpriority="none" dropdown="continue" popup="none" popup-page-rule="" />
  <Paragraph id="1159034" documentposition="379" splitpriority="none" dropdown="continue" popup="none" popup-page-rule="" />
  <Paragraph id="1159068" documentposition="380" splitpriority="none" dropdown="continue" popup="none" popup-page-rule="" />
  <Paragraph id="1171319" documentposition="381" splitpriority="none" dropdown="continue" popup="none" popup-page-rule="" />
  <Paragraph id="1186607" documentposition="382" splitpriority="none" dropdown="continue" popup="none" popup-page-rule="">
    <Frame id="1171900">
      <Paragraph id="" dropdown="continue" popup="none" popup-page-rule="" />
      <Frame id="1171899" />
    </Frame>
  </Paragraph>
  <Paragraph id="1159075" documentposition="383" splitpriority="none" dropdown="continue" popup="none" popup-page-rule="" />
  <Paragraph id="1195226" documentposition="384" splitpriority="none" dropdown="continue" popup="none" popup-page-rule="" />
  <Paragraph id="1159102" documentposition="385" splitpriority="none" dropdown="continue" popup="none" popup-page-rule="" />
  <Paragraph id="1159136" documentposition="386" splitpriority="3" dropdown="continue" popup="none" popup-page-rule="" />
  <Paragraph id="1159155" documentposition="387" splitpriority="none" dropdown="continue" popup="none" popup-page-rule="" />
  <Paragraph id="1198794" documentposition="388" splitpriority="none" dropdown="continue" popup="none" popup-page-rule="" />
  <Paragraph id="1198798" documentposition="389" splitpriority="none" dropdown="continue" popup="none" popup-page-rule="" />
  <Paragraph id="1198802" documentposition="390" splitpriority="none" dropdown="continue" popup="none" popup-page-rule="" />
  <Paragraph id="1159223" documentposition="391" splitpriority="4" dropdown="continue" popup="none" popup-page-rule="" />
  <Paragraph id="1159296" documentposition="392" splitpriority="none" dropdown="continue" popup="none" popup-page-rule="" />
  <Paragraph id="1188331" documentposition="393" splitpriority="none" dropdown="continue" popup="none" popup-page-rule="">
    <Frame id="1188294">
      <Paragraph id="" dropdown="continue" popup="none" popup-page-rule="" />
      <Frame id="1188293" />
    </Frame>
  </Paragraph>
  <Paragraph id="1188334" documentposition="394" splitpriority="none" dropdown="continue" popup="none" popup-page-rule="" />
  <Paragraph id="1159324" documentposition="395" splitpriority="none" dropdown="continue" popup="none" popup-page-rule="" />
  <Paragraph id="1159331" documentposition="396" splitpriority="none" dropdown="continue" popup="none" popup-page-rule="" />
  <Paragraph id="1159338" documentposition="397" splitpriority="none" dropdown="continue" popup="none" popup-page-rule="" />
  <Paragraph id="1169279" documentposition="398" splitpriority="none" dropdown="continue" popup="none" popup-page-rule="" />
  <Paragraph id="1171404" documentposition="399" splitpriority="none" dropdown="continue" popup="none" popup-page-rule="" />
  <Paragraph id="1159225" documentposition="400" splitpriority="4" dropdown="continue" popup="none" popup-page-rule="" />
  <Paragraph id="1159407" documentposition="401" splitpriority="none" dropdown="continue" popup="none" popup-page-rule="" />
  <Paragraph id="1188369" documentposition="402" splitpriority="none" dropdown="continue" popup="none" popup-page-rule="">
    <Frame id="1188359">
      <Paragraph id="" dropdown="continue" popup="none" popup-page-rule="" />
      <Frame id="1188358" />
    </Frame>
  </Paragraph>
  <Paragraph id="1188388" documentposition="403" splitpriority="none" dropdown="continue" popup="none" popup-page-rule="" />
  <Paragraph id="1159399" documentposition="404" splitpriority="none" dropdown="continue" popup="none" popup-page-rule="" />
  <Paragraph id="1161749" documentposition="405" splitpriority="none" dropdown="continue" popup="none" popup-page-rule="" />
  <Paragraph id="1171447" documentposition="406" splitpriority="2" dropdown="continue" popup="none" popup-page-rule="" />
  <Paragraph id="1196425" documentposition="407" splitpriority="none" dropdown="continue" popup="none" popup-page-rule="" />
  <Paragraph id="1198807" documentposition="408" splitpriority="none" dropdown="continue" popup="none" popup-page-rule="" />
  <Paragraph id="1198811" documentposition="409" splitpriority="none" dropdown="continue" popup="none" popup-page-rule="" />
  <Paragraph id="1198815" documentposition="410" splitpriority="none" dropdown="continue" popup="none" popup-page-rule="" />
  <Paragraph id="1198819" documentposition="411" splitpriority="none" dropdown="continue" popup="none" popup-page-rule="" />
  <Paragraph id="1161764" documentposition="412" splitpriority="3" dropdown="continue" popup="none" popup-page-rule="" />
  <Paragraph id="1161766" documentposition="413" splitpriority="none" dropdown="continue" popup="none" popup-page-rule="" />
  <Paragraph id="1161768" documentposition="414" splitpriority="none" dropdown="continue" popup="none" popup-page-rule="" />
  <Paragraph id="1161770" documentposition="415" splitpriority="none" dropdown="continue" popup="none" popup-page-rule="" />
  <Paragraph id="1161772" documentposition="416" splitpriority="none" dropdown="continue" popup="none" popup-page-rule="" />
  <Paragraph id="1161774" documentposition="417" splitpriority="none" dropdown="continue" popup="none" popup-page-rule="" />
  <Paragraph id="1161776" documentposition="418" splitpriority="none" dropdown="continue" popup="none" popup-page-rule="" />
  <Paragraph id="1161778" documentposition="419" splitpriority="3" dropdown="continue" popup="none" popup-page-rule="" />
  <Paragraph id="1161780" documentposition="420" splitpriority="none" dropdown="continue" popup="none" popup-page-rule="" />
  <Paragraph id="1161781" documentposition="421" splitpriority="none" dropdown="continue" popup="none" popup-page-rule="" />
  <Paragraph id="1161835" documentposition="422" splitpriority="none" dropdown="continue" popup="none" popup-page-rule="" />
  <Paragraph id="1161894" documentposition="423" splitpriority="none" dropdown="continue" popup="none" popup-page-rule="">
    <Frame id="1161892">
      <Paragraph id="" dropdown="continue" popup="none" popup-page-rule="" />
      <Frame id="1161893" />
    </Frame>
  </Paragraph>
  <Paragraph id="1161883" documentposition="425" splitpriority="2" dropdown="continue" popup="none" popup-page-rule="" />
  <Paragraph id="1107662" documentposition="426" splitpriority="none" dropdown="continue" popup="none" popup-page-rule="">
    <Frame id="1146797">
      <Paragraph id="" dropdown="continue" popup="none" popup-page-rule="" />
      <Frame id="1146798" />
    </Frame>
  </Paragraph>
  <Paragraph id="1165304" documentposition="428" splitpriority="3" dropdown="continue" popup="none" popup-page-rule="" />
  <Paragraph id="1165302" documentposition="429" splitpriority="none" dropdown="continue" popup="none" popup-page-rule="" />
</Behaviors>