<?xml version="1.0" encoding="utf-8"?>
<Splits version="1.0" xmlns="urn:WebWorks-Engine-Splits-Schema">
  <Split id="1070912" documentposition="3" />
  <Split id="1105036" documentposition="15" />
  <Split id="1129019" documentposition="17" />
  <Split id="1105083" documentposition="21" />
  <Split id="1105094" documentposition="34" />
  <Split id="1105342" documentposition="47" />
  <Split id="1105957" documentposition="53" />
  <Split id="1105966" documentposition="57" />
  <Split id="1106105" documentposition="63" />
  <Split id="1106177" documentposition="71" />
  <Split id="1106266" documentposition="82" />
  <Split id="1106325" documentposition="89" />
  <Split id="1106375" documentposition="96" />
  <Split id="1106480" documentposition="102" />
  <Split id="1106485" documentposition="105" />
  <Split id="1106596" documentposition="111" />
  <Split id="1106599" documentposition="119" />
  <Split id="1106661" documentposition="129" />
  <Split id="1172009" documentposition="138" />
  <Split id="1106757" documentposition="147" />
  <Split id="1154873" documentposition="156" />
  <Split id="1155190" documentposition="166" />
  <Split id="1106879" documentposition="174" />
  <Split id="1157774" documentposition="183" />
  <Split id="1158423" documentposition="194" />
  <Split id="1157662" documentposition="205" />
  <Split id="1158109" documentposition="223" />
  <Split id="1107560" documentposition="234" />
  <Split id="1159468" documentposition="241" />
  <Split id="1159625" documentposition="251" />
  <Split id="1159481" documentposition="257" />
  <Split id="1160187" documentposition="260" />
  <Split id="1160253" documentposition="265" />
  <Split id="1160595" documentposition="274" />
  <Split id="1160725" documentposition="281" />
  <Split id="1160727" documentposition="295" />
  <Split id="1161070" documentposition="307" />
  <Split id="1161178" documentposition="317" />
  <Split id="1161347" documentposition="321" />
  <Split id="1161349" documentposition="326" />
  <Split id="1161362" documentposition="336" />
  <Split id="1161623" documentposition="342" />
  <Split id="1158814" documentposition="349" />
  <Split id="1158908" documentposition="364" />
  <Split id="1159002" documentposition="375" />
  <Split id="1159136" documentposition="386" />
  <Split id="1159223" documentposition="391" />
  <Split id="1159225" documentposition="400" />
  <Split id="1171447" documentposition="406" />
  <Split id="1161764" documentposition="412" />
  <Split id="1161778" documentposition="419" />
  <Split id="1161883" documentposition="425" />
  <Split id="1165304" documentposition="428" />
</Splits>