<?xml version="1.0" encoding="utf-8"?>
<SplitPriorities version="1.0" xmlns="urn:WebWorks-Engine-Splits-Schema">
  <SplitPriority id="1070912" documentposition="3" splitpriority="1" outputposition="1" />
  <SplitPriority id="1105036" documentposition="15" splitpriority="2" outputposition="13" />
  <SplitPriority id="1129019" documentposition="17" splitpriority="2" outputposition="15" />
  <SplitPriority id="1105083" documentposition="21" splitpriority="2" outputposition="19" />
  <SplitPriority id="1105094" documentposition="34" splitpriority="3" outputposition="31" />
  <SplitPriority id="1105342" documentposition="47" splitpriority="3" outputposition="44" />
  <SplitPriority id="1105957" documentposition="53" splitpriority="3" outputposition="50" />
  <SplitPriority id="1105966" documentposition="57" splitpriority="3" outputposition="54" />
  <SplitPriority id="1106105" documentposition="63" splitpriority="3" outputposition="59" />
  <SplitPriority id="1106177" documentposition="71" splitpriority="3" outputposition="66" />
  <SplitPriority id="1106266" documentposition="82" splitpriority="3" outputposition="75" />
  <SplitPriority id="1106325" documentposition="89" splitpriority="3" outputposition="81" />
  <SplitPriority id="1106375" documentposition="96" splitpriority="3" outputposition="87" />
  <SplitPriority id="1106480" documentposition="102" splitpriority="3" outputposition="92" />
  <SplitPriority id="1106485" documentposition="105" splitpriority="3" outputposition="95" />
  <SplitPriority id="1106596" documentposition="111" splitpriority="2" outputposition="100" />
  <SplitPriority id="1106599" documentposition="119" splitpriority="3" outputposition="108" />
  <SplitPriority id="1106661" documentposition="129" splitpriority="3" outputposition="117" />
  <SplitPriority id="1172009" documentposition="138" splitpriority="3" outputposition="125" />
  <SplitPriority id="1106757" documentposition="147" splitpriority="3" outputposition="133" />
  <SplitPriority id="1154873" documentposition="156" splitpriority="3" outputposition="141" />
  <SplitPriority id="1155190" documentposition="166" splitpriority="3" outputposition="150" />
  <SplitPriority id="1106879" documentposition="174" splitpriority="3" outputposition="157" />
  <SplitPriority id="1157774" documentposition="183" splitpriority="2" outputposition="165" />
  <SplitPriority id="1158423" documentposition="194" splitpriority="3" outputposition="176" />
  <SplitPriority id="1157662" documentposition="205" splitpriority="3" outputposition="186" />
  <SplitPriority id="1158109" documentposition="223" splitpriority="3" outputposition="201" />
  <SplitPriority id="1107560" documentposition="234" splitpriority="2" outputposition="211" />
  <SplitPriority id="1159466" documentposition="235" splitpriority="3" outputposition="212" />
  <SplitPriority id="1159468" documentposition="241" splitpriority="4" outputposition="218" />
  <SplitPriority id="1159625" documentposition="251" splitpriority="4" outputposition="228" />
  <SplitPriority id="1159481" documentposition="257" splitpriority="4" outputposition="234" />
  <SplitPriority id="1160187" documentposition="260" splitpriority="3" outputposition="237" />
  <SplitPriority id="1160253" documentposition="265" splitpriority="4" outputposition="242" />
  <SplitPriority id="1160595" documentposition="274" splitpriority="4" outputposition="251" />
  <SplitPriority id="1160725" documentposition="281" splitpriority="3" outputposition="258" />
  <SplitPriority id="1160727" documentposition="295" splitpriority="4" outputposition="272" />
  <SplitPriority id="1161070" documentposition="307" splitpriority="4" outputposition="284" />
  <SplitPriority id="1161178" documentposition="317" splitpriority="4" outputposition="294" />
  <SplitPriority id="1161347" documentposition="321" splitpriority="3" outputposition="298" />
  <SplitPriority id="1161349" documentposition="326" splitpriority="4" outputposition="303" />
  <SplitPriority id="1161362" documentposition="336" splitpriority="4" outputposition="313" />
  <SplitPriority id="1161623" documentposition="342" splitpriority="2" outputposition="319" />
  <SplitPriority id="1156094" documentposition="343" splitpriority="3" outputposition="320" />
  <SplitPriority id="1158814" documentposition="349" splitpriority="4" outputposition="326" />
  <SplitPriority id="1158908" documentposition="364" splitpriority="4" outputposition="341" />
  <SplitPriority id="1159002" documentposition="375" splitpriority="4" outputposition="352" />
  <SplitPriority id="1159136" documentposition="386" splitpriority="3" outputposition="363" />
  <SplitPriority id="1159223" documentposition="391" splitpriority="4" outputposition="368" />
  <SplitPriority id="1159225" documentposition="400" splitpriority="4" outputposition="377" />
  <SplitPriority id="1171447" documentposition="406" splitpriority="2" outputposition="383" />
  <SplitPriority id="1161764" documentposition="412" splitpriority="3" outputposition="389" />
  <SplitPriority id="1161778" documentposition="419" splitpriority="3" outputposition="396" />
  <SplitPriority id="1161883" documentposition="425" splitpriority="2" outputposition="401" />
  <SplitPriority id="1165304" documentposition="428" splitpriority="3" outputposition="403" />
</SplitPriorities>