<?xml version="1.0" encoding="utf-8"?>
<Behaviors version="1.0" xmlns="urn:WebWorks-Behaviors-Schema">
  <Split id="1070637" documentposition="3">
    <Paragraph id="1070637" documentposition="3" splitpriority="none" dropdown="continue" popup="none" popup-page-rule="" />
    <Paragraph id="1076136" documentposition="4" splitpriority="none" dropdown="continue" popup="none" popup-page-rule="" />
    <Paragraph id="1076140" documentposition="5" splitpriority="none" dropdown="continue" popup="none" popup-page-rule="" />
    <Paragraph id="1076144" documentposition="6" splitpriority="none" dropdown="continue" popup="none" popup-page-rule="" />
    <Paragraph id="1076148" documentposition="7" splitpriority="none" dropdown="continue" popup="none" popup-page-rule="" />
    <Paragraph id="1076152" documentposition="8" splitpriority="none" popup="none" popup-page-rule="" dropdown="end" />
  </Split>
  <Split id="1070720" documentposition="9">
    <Paragraph id="1070720" documentposition="9" splitpriority="2" dropdown="continue" popup="none" popup-page-rule="" />
    <Paragraph id="1070721" documentposition="10" splitpriority="none" dropdown="continue" popup="none" popup-page-rule="" />
    <Paragraph id="1070722" documentposition="11" splitpriority="none" dropdown="continue" popup="none" popup-page-rule="" />
    <Paragraph id="1070723" documentposition="12" splitpriority="none" popup="none" popup-page-rule="" dropdown="end" />
  </Split>
  <Split id="1070728" documentposition="13">
    <Paragraph id="1070728" documentposition="13" splitpriority="2" dropdown="continue" popup="none" popup-page-rule="" />
    <Paragraph id="1070729" documentposition="14" splitpriority="none" dropdown="continue" popup="none" popup-page-rule="" />
    <Paragraph id="1070730" documentposition="15" splitpriority="none" popup="none" popup-page-rule="" dropdown="end" />
  </Split>
  <Split id="1070734" documentposition="16">
    <Paragraph id="1070734" documentposition="16" splitpriority="2" dropdown="continue" popup="none" popup-page-rule="" />
    <Paragraph id="1070735" documentposition="17" splitpriority="none" dropdown="continue" popup="none" popup-page-rule="" />
    <Paragraph id="1070736" documentposition="18" splitpriority="none" dropdown="continue" popup="none" popup-page-rule="" />
    <Paragraph id="1070737" documentposition="19" splitpriority="none" dropdown="continue" popup="none" popup-page-rule="" />
    <Paragraph id="1070738" documentposition="20" splitpriority="none" popup="none" popup-page-rule="" dropdown="end" />
  </Split>
  <Split id="1070753" documentposition="21">
    <Paragraph id="1070753" documentposition="21" splitpriority="2" dropdown="continue" popup="none" popup-page-rule="" />
    <Paragraph id="1070754" documentposition="22" splitpriority="none" dropdown="continue" popup="none" popup-page-rule="" />
    <Paragraph id="1070755" documentposition="23" splitpriority="none" popup="none" popup-page-rule="" dropdown="end" />
  </Split>
</Behaviors>