<?xml version="1.0" encoding="utf-8"?>
<Splits version="1.0" xmlns="urn:WebWorks-Engine-Splits-Schema">
  <Split groupID="226E3152E1876F11" documentID="42D9F6117A4F7ABD" id="1070637" position="1" documentstartposition="3" documentendposition="8" title="References">
    <Group name="caAdapter MMS Online Help" id="226E3152E1876F11" position="1" />
    <Document path="C:\Documents and Settings\Carolyn\My Documents\CKK_Consulting\Lockheed Martin MSD\caAdapter\MMS\4.1.1\User Guide\caAdapter_AppA_References.fm" id="42D9F6117A4F7ABD" position="4" />
    <PageStyle value="" />
    <Frames />
    <Popups />
  </Split>
  <Split groupID="226E3152E1876F11" documentID="42D9F6117A4F7ABD" id="1070720" position="2" documentstartposition="9" documentendposition="12" title="Articles">
    <Group name="caAdapter MMS Online Help" id="226E3152E1876F11" position="1" />
    <Document path="C:\Documents and Settings\Carolyn\My Documents\CKK_Consulting\Lockheed Martin MSD\caAdapter\MMS\4.1.1\User Guide\caAdapter_AppA_References.fm" id="42D9F6117A4F7ABD" position="4" />
    <PageStyle value="" />
    <Frames />
    <Popups />
  </Split>
  <Split groupID="226E3152E1876F11" documentID="42D9F6117A4F7ABD" id="1070728" position="3" documentstartposition="13" documentendposition="15" title="caBIG Material">
    <Group name="caAdapter MMS Online Help" id="226E3152E1876F11" position="1" />
    <Document path="C:\Documents and Settings\Carolyn\My Documents\CKK_Consulting\Lockheed Martin MSD\caAdapter\MMS\4.1.1\User Guide\caAdapter_AppA_References.fm" id="42D9F6117A4F7ABD" position="4" />
    <PageStyle value="" />
    <Frames />
    <Popups />
  </Split>
  <Split groupID="226E3152E1876F11" documentID="42D9F6117A4F7ABD" id="1070734" position="4" documentstartposition="16" documentendposition="20" title="caCORE Material">
    <Group name="caAdapter MMS Online Help" id="226E3152E1876F11" position="1" />
    <Document path="C:\Documents and Settings\Carolyn\My Documents\CKK_Consulting\Lockheed Martin MSD\caAdapter\MMS\4.1.1\User Guide\caAdapter_AppA_References.fm" id="42D9F6117A4F7ABD" position="4" />
    <PageStyle value="" />
    <Frames />
    <Popups />
  </Split>
  <Split groupID="226E3152E1876F11" documentID="42D9F6117A4F7ABD" id="1070753" position="5" documentstartposition="21" documentendposition="23" title="Software Products">
    <Group name="caAdapter MMS Online Help" id="226E3152E1876F11" position="1" />
    <Document path="C:\Documents and Settings\Carolyn\My Documents\CKK_Consulting\Lockheed Martin MSD\caAdapter\MMS\4.1.1\User Guide\caAdapter_AppA_References.fm" id="42D9F6117A4F7ABD" position="4" />
    <PageStyle value="" />
    <Frames />
    <Popups />
  </Split>
</Splits>