<!DOCTYPE struts-config PUBLIC 
	"-//Apache Software Foundation//DTD Struts Configuration 1.2//EN" 
	"http://jakarta.apache.org/struts/dtds/struts-config_1_2.dtd">
<!-- !DOCTYPE struts-config SYSTEM  "struts-config_1_2.dtd" -->
<struts-config>

  <!-- ========== Form Bean Definitions =================================== -->
  <form-beans type="org.apache.struts.action.ActionFormBean">
  		<form-bean name="listScenarioRegistrationForm" type="org.apache.struts.validator.DynaValidatorForm">
  			<form-property name="itemType" type="java.lang.String"/>
  			<form-property name="results" type="java.lang.String"/>
        </form-bean>
        <form-bean name="addScenarioRegistrationForm" type="org.apache.struts.validator.DynaValidatorForm">
			<form-property name="scenarioName" type="java.lang.String"/>
			<form-property name="results" type="java.lang.String"/>
        </form-bean>
  </form-beans>

<global-forwards type="org.apache.struts.action.ActionForward">
    <forward name="logoff" path="/logoff.do" />
    <forward name="noLogin" path="/logon.do" />
</global-forwards>

  <!-- ========== Action Mapping Definitions ============================== -->

<action-mappings type="org.apache.struts.action.ActionMapping">
  <!-- === forwards === -->
   <action path="/disclaimer" forward="Tiles.Disclaimer.Page"/>
   <action path="/login" forward="Tiles.Login.Page"/> 
   
   <action path="/home" forward="Tiles.Home.Page"/> 
   <action path="/searchScenario" forward="Tiles.Scenario.Search.Page"/>
   <action path="/addScenario" forward="Tiles.Scenario.Add.Page"/> 
   <!-- action path="/addScenario" 
		type="gov.nih.nci.cbiit.cmts.ws.action.ScenarioManagerAction" 
		name="addScenarioRegistrationForm" 
		scope="request" 
		parameter="method"> 	
		<forward name="success" path="Tiles.Scenario.Add.Page"/>
		<forward name="failure" path="Tiles.ErrorMsg.Page"/>
   </action -->
   <action path="/browseScenario" 
   		type="gov.nih.nci.cbiit.cmts.ws.action.ScenarioManagerAction" 
   		name="listScenarioRegistrationForm" 
   		scope="request" 
   		parameter="method"> 
   		<!-- input="/browseEssence/essenceListing.jsp"  -->		
   		<forward name="success"
   			path="Tiles.Scenario.Browse.Page"/>
   		<forward name="failure" path="Tiles.ErrorMsg.Page"/>
   </action>

   <action path="/error" forward="Tiles.ErrorAdd.Page"></action>
   <action path="/success" forward="Tiles.SuccessAdd.Page"></action>
   <action path="/successmsg" forward="Tiles.SuccessMsg.Page"></action>
   <action path="/errormsg" forward="Tiles.ErrorMsg.Page"></action>
   <action path="/permissionmsg" forward="Tiles.PermissionMsg.Page"></action>
 </action-mappings>
  
 <!-- ========== Message Resources Definitions ========================== -->
	<message-resources parameter="ApplicationResources" />
	<message-resources parameter="MessageResources"/>
    <message-resources parameter="gov.nih.nci.cbiit.cmts.ws.MessageResources" />
	  
  <!-- ============= plug ins ======================================= -->

	<plug-in className="org.apache.struts.tiles.TilesPlugin">
		<set-property property="definitions-config"
			value="/WEB-INF/conf/tiles.xml" />
		<set-property property="debug" value="DEBUG"></set-property>
	</plug-in>

	<plug-in className="org.apache.struts.validator.ValidatorPlugIn">
		<set-property property="pathnames"
			value="/WEB-INF/conf/struts-validator-rules.xml,/WEB-INF/conf/struts-validation.xml" />
	</plug-in>

</struts-config>
