<?xml version="1.0" encoding="ISO-8859-1" ?>
<!DOCTYPE tiles-definitions PUBLIC
       "-//Apache Software Foundation//DTD tiles Configuration 1.1//EN" 
       "http://jakarta.apache.org/struts/dtds/tiles-config_1_1.dtd">
<!-- !DOCTYPE tiles-definitions SYSTEM "localDtds/tiles-config_1_1.dtd" -->
<tiles-definitions>   
	<!-- Base layouts -->
	<definition name="Base" page="/WEB-INF/jsps/layouts/defaultLayout.jsp">
		<put name="header" value="/WEB-INF/jsps/layouts/header.jsp" />
		<put name="applicationHeader" value="/WEB-INF/jsps/layouts/applicationHeader.jsp" />
		<put name="mainMenu" value="/WEB-INF/jsps/layouts/mainMenu.jsp" />
		<put name="subMenu" value="/WEB-INF/jsps/layouts/subMenu.jsp" />
		<put name="applicationFooter" value="/WEB-INF/jsps/layouts/applicationFooter.jsp" />
		<put name="footer" value="/WEB-INF/jsps/layouts/footer.jsp" />
	</definition>
	<!-- Home Page -->
	<definition name="Tiles.Home.Page" extends="Base">
		<!-- put name="mainMenu" value="/WEB-INF/jsps/layouts/homeMenu.jsp" / -->
		<put name="content" value="/WEB-INF/jsps/pages/home.jsp" />
	</definition>
		
	<!--  Scenario  Management Pages -->
	<definition name="Tiles.Scenario.Add.Page" extends="Base">
        <!-- put name="mainMenu" value="/WEB-INF/jsps/layouts/loginMenu.jsp" / -->
		<put name="content" value="/WEB-INF/jsps/pages/addScenario.jsp" />
	</definition>	
	<definition name="Tiles.Scenario.Browse.Page" extends="Base">
		<put name="content" value="/WEB-INF/jsps/pages/scenarioListing.jsp" />
	</definition>
	<definition name="Tiles.Scenario.Search.Page" extends="Base">
		<put name="content" value="/WEB-INF/jsps/pages/addScenario.jsp" />
	</definition>
	
	
	<!-- Success Add Page -->
	<definition name="Tiles.SuccessAdd.Page" extends="Base">
    	<put name="content" value="/WEB-INF/jsps/content/success.jsp" />
	</definition>
	<!-- Success Add Page -->
	<definition name="Tiles.ErrorAdd.Page" extends="Base">
		<put name="content" value="/WEB-INF/jsps/content/error.jsp" />
	</definition>
	
	<!-- Tiles.Disclaimer.Page  -->
	<definition name="Tiles.Disclaimer.Page" extends="Base">
		<put name="mainMenu" value="/WEB-INF/jsps/layouts/loginMenu.jsp" />
		<put name="content" value="/WEB-INF/jsps/content/disclaimer.jsp" />
	</definition>	

	<!-- Login Page -->
	<definition name="Tiles.Login.Page" extends="Base">
        <put name="mainMenu" value="/WEB-INF/jsps/layouts/loginMenu.jsp" />
		<put name="content" value="/WEB-INF/jsps/content/login.jsp" />
	</definition>
	<!-- Permisson Page -->
	<definition name="Tiles.PermissionMsg.Page" extends="Base">
        <put name="mainMenu" value="/WEB-INF/jsps/layouts/loginMenu.jsp" />
		<put name="content" value="/WEB-INF/jsps/content/nopermission.jsp" />
	</definition>
	<!-- Success Page -->
	<definition name="Tiles.SuccessMsg.Page" extends="Base">
	        <put name="content" value="/WEB-INF/jsps/content/successmsg.jsp" />
	</definition>
	<!-- Error Page -->
	<definition name="Tiles.ErrorMsg.Page" extends="Base">
	        <put name="content" value="/WEB-INF/jsps/content/errormsg.jsp" />
	</definition>	
</tiles-definitions>