<?xml version="1.0" encoding="utf-8"?>
<SplitPriorities version="1.0" xmlns="urn:WebWorks-Engine-Splits-Schema">
  <SplitPriority id="1070912" documentposition="3" splitpriority="1" outputposition="1" />
  <SplitPriority id="1117330" documentposition="13" splitpriority="2" outputposition="11" />
  <SplitPriority id="1105128" documentposition="18" splitpriority="3" outputposition="16" />
  <SplitPriority id="1105212" documentposition="29" splitpriority="3" outputposition="26" />
  <SplitPriority id="1105234" documentposition="37" splitpriority="2" outputposition="34" />
  <SplitPriority id="1105425" documentposition="54" splitpriority="2" outputposition="51" />
  <SplitPriority id="1105507" documentposition="67" splitpriority="2" outputposition="63" />
  <SplitPriority id="1105569" documentposition="73" splitpriority="2" outputposition="69" />
  <SplitPriority id="1113452" documentposition="78" splitpriority="2" outputposition="74" />
  <SplitPriority id="1110868" documentposition="80" splitpriority="2" outputposition="76" />
  <SplitPriority id="1105675" documentposition="86" splitpriority="3" outputposition="82" />
  <SplitPriority id="1105682" documentposition="91" splitpriority="3" outputposition="87" />
  <SplitPriority id="1105693" documentposition="98" splitpriority="3" outputposition="94" />
  <SplitPriority id="1110907" documentposition="100" splitpriority="3" outputposition="96" />
</SplitPriorities>