<?xml version="1.0" encoding="utf-8"?>
<Splits version="1.0" xmlns="urn:WebWorks-Engine-Splits-Schema">
  <Split groupID="226E3152E1876F11" documentID="BFCCFD428F847853" id="1070912" position="1" documentstartposition="3" documentendposition="12" title="Overview of caAdapter">
    <Group name="caAdapter MMS Online Help" id="226E3152E1876F11" position="1" />
    <Document path="C:\Documents and Settings\Carolyn\My Documents\CKK_Consulting\Lockheed Martin MSD\caAdapter\MMS\4.1.1\User Guide\caAdapter_Overview.fm" id="BFCCFD428F847853" position="2" />
    <PageStyle value="" />
    <Frames />
    <Popups />
  </Split>
  <Split groupID="226E3152E1876F11" documentID="BFCCFD428F847853" id="1117330" position="2" documentstartposition="13" documentendposition="17" title="About caAdapter">
    <Group name="caAdapter MMS Online Help" id="226E3152E1876F11" position="1" />
    <Document path="C:\Documents and Settings\Carolyn\My Documents\CKK_Consulting\Lockheed Martin MSD\caAdapter\MMS\4.1.1\User Guide\caAdapter_Overview.fm" id="BFCCFD428F847853" position="2" />
    <PageStyle value="" />
    <Frames />
    <Popups />
  </Split>
  <Split groupID="226E3152E1876F11" documentID="BFCCFD428F847853" id="1105128" position="3" documentstartposition="18" documentendposition="28" title="caAdapter Core Engine Architecture">
    <Group name="caAdapter MMS Online Help" id="226E3152E1876F11" position="1" />
    <Document path="C:\Documents and Settings\Carolyn\My Documents\CKK_Consulting\Lockheed Martin MSD\caAdapter\MMS\4.1.1\User Guide\caAdapter_Overview.fm" id="BFCCFD428F847853" position="2" />
    <PageStyle value="" />
    <Frames>
      <Frame position="1" title="A graphic showing the components of the caAdapter core engine architecture and their relationship to other resources such as the mapping tool’s graphical user interface, metadata &amp; data files, Java API, Web Service API, Java Web Start">
        <Frame id="1105143" stylename="Default" xmlns="urn:WebWorks-Document-Schema">
          <Attribute name="display" value="block" />
          <Attribute name="float" value="none" />
          <Attribute name="text-align" value="left" />
          <Attribute name="left" value="0.0" />
          <Attribute name="top" value="0.0" />
          <Attribute name="width" value="421.416" />
          <Attribute name="height" value="214.08984" />
          <Description>
            <Paragraph>
              <TextRun>
                <Text value="A graphic showing the components of the caAdapter core engine architecture and their relationship to other resources such as the mapping tool’s graphical user interface, metadata &amp; data files, Java API, Web Service API, Java Web Start" />
              </TextRun>
            </Paragraph>
          </Description>
          <Facets>
            <Facet type="document">
              <Attribute name="adapter" value="Adobe FrameMaker" />
              <Attribute name="path" value="C:\Documents and Settings\Carolyn\My Documents\CKK_Consulting\Lockheed Martin MSD\caAdapter\MMS\4.1.1\OnlineHelp\caAdapter MMS Online Help\Data\61DD7DDB65736B3\226E3152E1876F11\BFCCFD428F847853\caAdapter_Overview.fmwif" />
              <Attribute name="id" value="1105143" />
            </Facet>
          </Facets>
          <Content>
            <Frame id="1113004">
              <Attribute name="left" value="1.71216" />
              <Attribute name="top" value="1.32912" />
              <Attribute name="width" value="398.47608" />
              <Attribute name="height" value="212.30496" />
              <Facets>
                <Facet type="by-reference">
                  <Attribute name="path" value="C:\Documents and Settings\Carolyn\My Documents\CKK_Consulting\Lockheed Martin MSD\caAdapter\MMS\4.1.1\User Guide\Images\dgm_CoreEngineArchitecture.PNG" />
                </Facet>
              </Facets>
            </Frame>
          </Content>
        </Frame>
      </Frame>
    </Frames>
    <Popups />
  </Split>
  <Split groupID="226E3152E1876F11" documentID="BFCCFD428F847853" id="1105212" position="4" documentstartposition="29" documentendposition="36" title="caAdapter Mapping Tool">
    <Group name="caAdapter MMS Online Help" id="226E3152E1876F11" position="1" />
    <Document path="C:\Documents and Settings\Carolyn\My Documents\CKK_Consulting\Lockheed Martin MSD\caAdapter\MMS\4.1.1\User Guide\caAdapter_Overview.fm" id="BFCCFD428F847853" position="2" />
    <PageStyle value="" />
    <Frames />
    <Popups />
  </Split>
  <Split groupID="226E3152E1876F11" documentID="BFCCFD428F847853" id="1105234" position="5" documentstartposition="37" documentendposition="53" title="About HL7">
    <Group name="caAdapter MMS Online Help" id="226E3152E1876F11" position="1" />
    <Document path="C:\Documents and Settings\Carolyn\My Documents\CKK_Consulting\Lockheed Martin MSD\caAdapter\MMS\4.1.1\User Guide\caAdapter_Overview.fm" id="BFCCFD428F847853" position="2" />
    <PageStyle value="" />
    <Frames />
    <Popups />
  </Split>
  <Split groupID="226E3152E1876F11" documentID="BFCCFD428F847853" id="1105425" position="6" documentstartposition="54" documentendposition="66" title="About the Study Data Tabulation Model (SDTM)">
    <Group name="caAdapter MMS Online Help" id="226E3152E1876F11" position="1" />
    <Document path="C:\Documents and Settings\Carolyn\My Documents\CKK_Consulting\Lockheed Martin MSD\caAdapter\MMS\4.1.1\User Guide\caAdapter_Overview.fm" id="BFCCFD428F847853" position="2" />
    <PageStyle value="" />
    <Frames>
      <Frame position="1" title="A graphic showing the SDTM domain classes, Spcl-Purpose, Interventions, Events, Findings, and Trial_Dsgn, and associated domains.">
        <Frame id="1116333" stylename="Default" xmlns="urn:WebWorks-Document-Schema">
          <Attribute name="display" value="block" />
          <Attribute name="float" value="none" />
          <Attribute name="text-align" value="left" />
          <Attribute name="left" value="0.0" />
          <Attribute name="top" value="0.0" />
          <Attribute name="width" value="421.416" />
          <Attribute name="height" value="220.78584" />
          <Description>
            <Paragraph>
              <TextRun>
                <Text value="A graphic showing the SDTM domain classes, Spcl-Purpose, Interventions, Events, Findings, and Trial_Dsgn, and associated domains." />
              </TextRun>
            </Paragraph>
          </Description>
          <Facets>
            <Facet type="document">
              <Attribute name="adapter" value="Adobe FrameMaker" />
              <Attribute name="path" value="C:\Documents and Settings\Carolyn\My Documents\CKK_Consulting\Lockheed Martin MSD\caAdapter\MMS\4.1.1\OnlineHelp\caAdapter MMS Online Help\Data\61DD7DDB65736B3\226E3152E1876F11\BFCCFD428F847853\caAdapter_Overview.fmwif" />
              <Attribute name="id" value="1116333" />
            </Facet>
          </Facets>
          <Content>
            <Frame id="1116334">
              <Attribute name="left" value="4.61664" />
              <Attribute name="top" value="7.95816" />
              <Attribute name="width" value="412.56" />
              <Attribute name="height" value="211.67928" />
              <Facets>
                <Facet type="by-reference">
                  <Attribute name="path" value="C:\Documents and Settings\Carolyn\My Documents\CKK_Consulting\Lockheed Martin MSD\caAdapter\MMS\4.1.1\User Guide\Images\dgm_SDTM-Domain-Classes.GIF" />
                </Facet>
              </Facets>
            </Frame>
          </Content>
        </Frame>
      </Frame>
    </Frames>
    <Popups />
  </Split>
  <Split groupID="226E3152E1876F11" documentID="BFCCFD428F847853" id="1105507" position="7" documentstartposition="67" documentendposition="72" title="About the Object and Data Model">
    <Group name="caAdapter MMS Online Help" id="226E3152E1876F11" position="1" />
    <Document path="C:\Documents and Settings\Carolyn\My Documents\CKK_Consulting\Lockheed Martin MSD\caAdapter\MMS\4.1.1\User Guide\caAdapter_Overview.fm" id="BFCCFD428F847853" position="2" />
    <PageStyle value="" />
    <Frames />
    <Popups />
  </Split>
  <Split groupID="226E3152E1876F11" documentID="BFCCFD428F847853" id="1105569" position="8" documentstartposition="73" documentendposition="77" title="Prerequisites for Using the caAdapter Mapping Tool">
    <Group name="caAdapter MMS Online Help" id="226E3152E1876F11" position="1" />
    <Document path="C:\Documents and Settings\Carolyn\My Documents\CKK_Consulting\Lockheed Martin MSD\caAdapter\MMS\4.1.1\User Guide\caAdapter_Overview.fm" id="BFCCFD428F847853" position="2" />
    <PageStyle value="" />
    <Frames />
    <Popups />
  </Split>
  <Split groupID="226E3152E1876F11" documentID="BFCCFD428F847853" id="1113452" position="9" documentstartposition="78" documentendposition="79" title="Resources for Installing caAdapter MMS Tool">
    <Group name="caAdapter MMS Online Help" id="226E3152E1876F11" position="1" />
    <Document path="C:\Documents and Settings\Carolyn\My Documents\CKK_Consulting\Lockheed Martin MSD\caAdapter\MMS\4.1.1\User Guide\caAdapter_Overview.fm" id="BFCCFD428F847853" position="2" />
    <PageStyle value="" />
    <Frames />
    <Popups />
  </Split>
  <Split groupID="226E3152E1876F11" documentID="BFCCFD428F847853" id="1110868" position="10" documentstartposition="80" documentendposition="85" title="Starting the caAdapter MMS Tool">
    <Group name="caAdapter MMS Online Help" id="226E3152E1876F11" position="1" />
    <Document path="C:\Documents and Settings\Carolyn\My Documents\CKK_Consulting\Lockheed Martin MSD\caAdapter\MMS\4.1.1\User Guide\caAdapter_Overview.fm" id="BFCCFD428F847853" position="2" />
    <PageStyle value="" />
    <Frames />
    <Popups />
  </Split>
  <Split groupID="226E3152E1876F11" documentID="BFCCFD428F847853" id="1105675" position="11" documentstartposition="86" documentendposition="90" title="Starting the caAdapter MMS Tool from the Binary Distribution">
    <Group name="caAdapter MMS Online Help" id="226E3152E1876F11" position="1" />
    <Document path="C:\Documents and Settings\Carolyn\My Documents\CKK_Consulting\Lockheed Martin MSD\caAdapter\MMS\4.1.1\User Guide\caAdapter_Overview.fm" id="BFCCFD428F847853" position="2" />
    <PageStyle value="" />
    <Frames />
    <Popups />
  </Split>
  <Split groupID="226E3152E1876F11" documentID="BFCCFD428F847853" id="1105682" position="12" documentstartposition="91" documentendposition="97" title="Starting the caAdapter MMS Tool from the Source Distribution">
    <Group name="caAdapter MMS Online Help" id="226E3152E1876F11" position="1" />
    <Document path="C:\Documents and Settings\Carolyn\My Documents\CKK_Consulting\Lockheed Martin MSD\caAdapter\MMS\4.1.1\User Guide\caAdapter_Overview.fm" id="BFCCFD428F847853" position="2" />
    <PageStyle value="" />
    <Frames />
    <Popups />
  </Split>
  <Split groupID="226E3152E1876F11" documentID="BFCCFD428F847853" id="1105693" position="13" documentstartposition="98" documentendposition="99" title="Starting the caAdapter MMS Tool from the Windows Distribution">
    <Group name="caAdapter MMS Online Help" id="226E3152E1876F11" position="1" />
    <Document path="C:\Documents and Settings\Carolyn\My Documents\CKK_Consulting\Lockheed Martin MSD\caAdapter\MMS\4.1.1\User Guide\caAdapter_Overview.fm" id="BFCCFD428F847853" position="2" />
    <PageStyle value="" />
    <Frames />
    <Popups />
  </Split>
  <Split groupID="226E3152E1876F11" documentID="BFCCFD428F847853" id="1110907" position="14" documentstartposition="100" documentendposition="101" title="Starting the Mapping Tool on the Web (WebStart)">
    <Group name="caAdapter MMS Online Help" id="226E3152E1876F11" position="1" />
    <Document path="C:\Documents and Settings\Carolyn\My Documents\CKK_Consulting\Lockheed Martin MSD\caAdapter\MMS\4.1.1\User Guide\caAdapter_Overview.fm" id="BFCCFD428F847853" position="2" />
    <PageStyle value="" />
    <Frames />
    <Popups />
  </Split>
</Splits>