<?xml version="1.0" encoding="utf-8"?>
<Behaviors version="1.0" xmlns="urn:WebWorks-Behaviors-Schema">
  <Split id="1057198" documentposition="1">
    <Paragraph id="1057198" documentposition="1" splitpriority="1" />
    <Paragraph id="1059361" documentposition="2" splitpriority="none" />
    <Table id="1056849" documentposition="3" splitpriority="none">
      <TableCell>
        <Paragraph id="1057805" />
      </TableCell>
      <TableCell>
        <Paragraph id="1057807" />
      </TableCell>
      <TableCell>
        <Paragraph id="1063772" />
      </TableCell>
      <TableCell>
        <Paragraph id="1065046" />
      </TableCell>
      <TableCell>
        <Paragraph id="1064973" />
      </TableCell>
      <TableCell>
        <Paragraph id="1064975" />
      </TableCell>
      <TableCell>
        <Paragraph id="1063784" />
      </TableCell>
      <TableCell>
        <Paragraph id="1063786" />
      </TableCell>
      <TableCell>
        <Paragraph id="1063800" />
      </TableCell>
      <TableCell>
        <Paragraph id="1063802" />
      </TableCell>
      <TableCell>
        <Paragraph id="1063796" />
      </TableCell>
      <TableCell>
        <Paragraph id="1063798" />
      </TableCell>
      <TableCell>
        <Paragraph id="1063792" />
      </TableCell>
      <TableCell>
        <Paragraph id="1063794" />
      </TableCell>
    </Table>
    <Paragraph id="1056326" documentposition="4" splitpriority="none" />
  </Split>
</Behaviors>