<?xml version="1.0" encoding="UTF-8"?>
<mapping>
	<class name="gov.nih.nci.caadapter.security.dao.xmlDao.SecurityXmlDatasource">
	   <map-to xml="root" />
		<field name="user" type="gov.nih.nci.caadapter.security.domain.User" collection="vector">
		  <bind-xml name="user"/>
		</field>
		<field name="securityObject" type="gov.nih.nci.caadapter.security.domain.SecurityObject" collection="vector">
		  <bind-xml name="securityobject"/>
		</field>		
		<field name="userGroup" type="gov.nih.nci.caadapter.security.domain.UserGroup" collection="vector">
		  <bind-xml name="usergroup"/>
		</field>			
		<field name="userSecurityObjectMapping" type="gov.nih.nci.caadapter.security.domain.UserSecurityObjectMapping" collection="vector">
		  <bind-xml name="usersecurityObjectmapping"/>
		</field>		
		<field name="webServiceMapping" type="gov.nih.nci.caadapter.security.domain.WebServiceMapping" collection="vector">
		  <bind-xml name="webservicemapping"/>
		</field>		
	</class>

	<class name="gov.nih.nci.caadapter.security.domain.User">
		<field name="firstName" type="java.lang.String">
	      <bind-xml name="firstname" node="element"/>
		</field>
		<field name="middleName" type="java.lang.String">
	      <bind-xml name="middlename" node="element"/>
		</field>	
		<field name="lastName" type="java.lang.String">
	      <bind-xml name="lastname" node="element"/>
		</field>	
		<field name="groupId" type="int">
	      <bind-xml name="groupid" node="element"/>
		</field>	
		<field name="active" type="boolean">
	      <bind-xml name="active" node="element"/>
		</field>	
		<field name="homePhoneNumber" type="java.lang.String">
	      <bind-xml name="homephonenumber" node="element"/>
		</field>	
		<field name="mobilePhoneNumber" type="java.lang.String">
	      <bind-xml name="mobilephonenumber" node="element"/>
		</field>	
		<field name="workPhoneNumber" type="java.lang.String">
	      <bind-xml name="workphonenumber" node="element"/>
		</field>	
		<field name="organization" type="java.lang.String">
	      <bind-xml name="organization" node="element"/>
		</field>	
		<field name="password" type="java.lang.String">
	      <bind-xml name="password" node="element"/>
		</field>	
		<field name="userId" type="java.lang.String">
	      <bind-xml name="userid" node="element"/>
		</field>	
		<field name="userEmail" type="gov.nih.nci.caadapter.security.domain.UserEmail">
	      <bind-xml name="useremail" node="element"/>
		</field>	
		<field name="UserDateStamp" type="gov.nih.nci.caadapter.security.domain.UserDateStamp">
	      <bind-xml name="userdatestamp" node="element"/>
		</field>		
	</class>

	<class name="gov.nih.nci.caadapter.security.domain.UserAddress">
		<field name="address1" type="java.lang.String">
	      <bind-xml name="address1" node="element"/>
		</field>
		<field name="address2" type="java.lang.String">
	      <bind-xml name="address2" node="element"/>
		</field>
		<field name="addressStatus" type="boolean">
	      <bind-xml name="addressstatus" node="element"/>
		</field>	
		<field name="addressType" type="gov.nih.nci.caadapter.security.domain.AddressType">
	      <bind-xml name="addresstype" node="element"/>
		</field>	
		<field name="city" type="java.lang.String">
	      <bind-xml name="city" node="element"/>
		</field>	
		<field name="state" type="java.lang.String">
	      <bind-xml name="state" node="element"/>
		</field>	
		<field name="country" type="java.lang.String">
	      <bind-xml name="country" node="element"/>
		</field>	
		<field name="userAddressId" type="int">
	      <bind-xml name="useraddressid" node="element"/>
		</field>	
		<field name="userId" type="java.lang.String">
	      <bind-xml name="userid" node="element"/>
		</field>	
		<field name="zipCode" type="java.lang.String">
	      <bind-xml name="zipcode" node="element"/>
		</field>	
		<field name="UserDateStamp" type="gov.nih.nci.caadapter.security.domain.UserDateStamp">
	      <bind-xml name="userdatestamp" node="element"/>
		</field>		
	</class>	
	
	<class name="gov.nih.nci.caadapter.security.domain.AddressType">
		<field name="addressType" type="java.lang.String">
	      <bind-xml name="addresstype" node="element"/>
		</field>
		<field name="addressTypeId" type="int">
	      <bind-xml name="addresstypeid" node="element"/>
		</field>	
		<field name="addressTypeName" type="java.lang.String">
	      <bind-xml name="addresstypename" node="element"/>
		</field>	
	</class>		
	
	<class name="gov.nih.nci.caadapter.security.domain.SecurityObject">
		<field name="description" type="java.lang.String">
	      <bind-xml name="description" node="element"/>
		</field>
		<field name="objectId" type="int">
	      <bind-xml name="objectid" node="element"/>
		</field>	
		<field name="objectName" type="java.lang.String">
	      <bind-xml name="objectname" node="element"/>
		</field>	
		<field name="UserDateStamp" type="gov.nih.nci.caadapter.security.domain.UserDateStamp">
	      <bind-xml name="userdatestamp" node="element"/>
		</field>		
	</class>	

	<class name="gov.nih.nci.caadapter.security.domain.UserGroup">
		<field name="description" type="java.lang.String">
	      <bind-xml name="description" node="element"/>
		</field>
		<field name="groupId" type="int">
	      <bind-xml name="groupid" node="element"/>
		</field>	
		<field name="groupName" type="java.lang.String">
	      <bind-xml name="groupname" node="element"/>
		</field>	
		<field name="UserDateStamp" type="gov.nih.nci.caadapter.security.domain.UserDateStamp">
	      <bind-xml name="userdatestamp" node="element"/>
		</field>		
	</class>	
	
	<class name="gov.nih.nci.caadapter.security.domain.UserSecurityObjectMapping">
		<field name="Permissions" type="gov.nih.nci.caadapter.security.domain.Permissions">
	      <bind-xml name="permissions" node="element"/>
		</field>
		<field name="securityMapId" type="int">
	      <bind-xml name="securitymapid" node="element"/>
		</field>			
		<field name="objectId" type="int">
	      <bind-xml name="objectid" node="element"/>
		</field>	
		<field name="userId" type="java.lang.String">
	      <bind-xml name="userid" node="element"/>
		</field>	
		<field name="UserDateStamp" type="gov.nih.nci.caadapter.security.domain.UserDateStamp">
	      <bind-xml name="userdatestamp" node="element"/>
		</field>		
	</class>	

	<class name="gov.nih.nci.caadapter.security.domain.WebServiceMapping">
		<field name="scenarioId" type="int">
	      <bind-xml name="scenarioid" node="element"/>
		</field>			
		<field name="h3sFile" type="java.lang.String">
	      <bind-xml name="h3sfile" node="element"/>
		</field>			
		<field name="mappingFile" type="java.lang.String">
	      <bind-xml name="mappingfile" node="element"/>
		</field>	
		<field name="activeStatus" type="boolean">
	      <bind-xml name="activestatus" node="element"/>
		</field>	
		<field name="scenarioName" type="java.lang.String">
	      <bind-xml name="scenarioname" node="element"/>
		</field>	
		<field name="scsFile" type="java.lang.String">
	      <bind-xml name="scsfile" node="element"/>
		</field>	
		<field name="userId" type="java.lang.String">
	      <bind-xml name="userid" node="element"/>
		</field>	
		<field name="UserDateStamp" type="gov.nih.nci.caadapter.security.domain.UserDateStamp">
	      <bind-xml name="userdatestamp" node="element"/>
		</field>		
	</class>		
	
	<class name="gov.nih.nci.caadapter.security.domain.Permissions">
		<field name="create" type="boolean">
	      <bind-xml name="create" node="element"/>
		</field>
		<field name="delete" type="boolean">
	      <bind-xml name="delete" node="element"/>
		</field>			
		<field name="modify" type="boolean">
	      <bind-xml name="modify" node="element"/>
		</field>	
		<field name="read" type="boolean">
	      <bind-xml name="read" node="element"/>
		</field>	
	</class>		
	
	
	<class name="gov.nih.nci.caadapter.security.domain.UserDateStamp">
		<field name="createDate" type="java.lang.String" >
			<bind-xml name="createdate" node="element"/>
		</field>  
		<field name="updateDate" type="java.lang.String" >
			<bind-xml name="updatedate" node="element"/>
		</field>  
		<field name="createdBy" type="java.lang.String">
			<bind-xml name="createdby" node="element"/>
		</field>  
		<field name="updatedBy" type="java.lang.String">
			<bind-xml name="updatedby" node="element"/>
		</field>  
	</class> 

	<class name="gov.nih.nci.caadapter.security.domain.UserEmail">
		<field name="emailAddress" type="java.lang.String">
			<bind-xml name="emailaddress" node="element"/>
		</field>  
		<field name="emailStatus" type="boolean">
			<bind-xml name="emailstatus" node="element"/>
		</field>  
		<field name="emailType" type="gov.nih.nci.caadapter.security.domain.EmailType">
			<bind-xml name="emailtype" node="element"/>
		</field>  
		<field name="useremailid" type="int">
			<bind-xml name="useremailid" node="element"/>
		</field>  
	</class> 	
	
	<class name="gov.nih.nci.caadapter.security.domain.EmailType">
		<field name="emailType" type="java.lang.String">
			<bind-xml name="emailtype" node="element"/>
		</field>  
		<field name="emailTypeId" type="int">
			<bind-xml name="emailtypeid" node="element"/>
		</field>  
		<field name="emailTypeName" type="java.lang.String">
			<bind-xml name="emailtypename" node="element"/>
		</field>  
	</class> 	
 
 </mapping>
